,"Jan 16","Feb 16","Mar 16","Apr 16","May 16","Jun 16","Jul 16","Aug 16","Sep 16","Oct 16","Nov 16","Dec 16","Jan 17","Feb 17","Mar 17","Apr 17","May 17","Jun 17","Jul 17","Aug 17","Sep 17","Oct 17","Nov 17","Dec 17","Jan 18","Feb 18","Mar 18","Apr 18","May 18","Jun 18","Jul 18","Aug 18","Sep 18","Oct 18","Nov 18","Dec 18","Jan 19","Feb 19","Mar 19","Apr 19","May 19","Jun 19","Jul 19","Aug 19","Sep 19","Oct 19","Nov 19","Dec 19","Jan 20","Feb 20","Mar 20","Apr 20","May 20","TOTAL"
"Ordinary Income/Expense","","","","","","","","","","","","","","","","","","","","","","","","","","","","","","","","","","","","","","","","","","","","","","","","","","","","","",
"Income","","","","","","","","","","","","","","","","","","","","","","","","","","","","","","","","","","","","","","","","","","","","","","","","","","","","","",
"4000  MOVING REVENUE","","","","","","","","","","","","","","","","","","","","","","","","","","","","","","","","","","","","","","","","","","","","","","","","","","","","","",
"4010  Moves (Use of Trucks)",122718.90,101899.40,156592.73,180209.13,282069.65,381478.86,335634.26,327629.86,245463.96,217054.27,196535.30,195896.29,128529.15,144344.49,195820.07,200950.58,276227.83,394842.24,329768.94,280434.24,203278.73,185942.61,157080.59,205692.25,145369.31,129891.51,198443.23,238695.79,291580.16,378517.89,358025.07,353872.86,210264.53,229041.33,166879.76,124842.46,124149.50,191079.09,220285.90,240346.63,320418.43,466777.83,386548.86,383927.02,215335.05,240729.49,193329.68,221824.99,141932.58,165365.11,234554.70,177441.37,212555.22,12408119.68
"4020  Packing/Unpacking",5092.02,3671.55,4667.50,4190.00,5569.87,17640.61,13426.52,11345.58,5679.81,11898.32,4519.20,4622.32,2341.25,3089.07,12091.88,4057.50,13465.18,16475.44,10611.83,11379.79,8020.98,5801.52,4472.30,7475.92,5327.50,6123.87,7193.65,14079.40,11617.54,13085.62,5770.45,17887.95,5134.69,26498.92,58823.09,74928.04,22744.70,13842.54,17705.24,17574.11,11471.10,51811.22,25540.12,48689.05,26753.73,20103.43,29230.13,17382.44,6294.89,13449.56,19194.15,11160.68,14878.85,805902.62
"4030  Unloading",0.00,736.25,832.50,360.00,2016.25,1846.25,1561.25,2000.00,352.50,390.00,642.50,770.00,455.00,0.00,297.50,0.00,632.50,1953.75,1715.00,921.25,1295.00,1242.50,737.50,168.75,531.25,861.25,995.00,565.00,1437.50,2170.00,875.00,1082.50,1880.00,530.00,1228.75,327.50,692.50,1482.50,250.00,1267.50,130.00,467.50,3351.25,3163.75,2192.50,1010.00,1287.50,740.00,586.25,2296.25,1121.25,125.00,795.00,54368.75
"4040  Loading",0.00,0.00,0.00,0.00,0.00,0.00,0.00,0.00,0.00,0.00,0.00,0.00,0.00,0.00,0.00,0.00,337.50,247.50,0.00,0.00,0.00,0.00,0.00,0.00,0.00,0.00,0.00,250.00,0.00,0.00,-494.16,0.00,0.00,0.00,0.00,0.00,0.00,0.00,0.00,0.00,0.00,0.00,0.00,0.00,0.00,0.00,0.00,0.00,0.00,0.00,0.00,0.00,350.00,690.84
"4050  Internal Moves",367.50,657.00,630.00,1182.50,1816.25,1065.00,1642.50,1940.00,1187.50,660.00,470.00,547.50,2037.50,842.50,260.00,220.00,1392.50,1282.50,957.50,1565.00,1232.00,770.00,1225.00,510.00,1765.00,905.00,710.00,1920.00,6432.91,2817.50,4728.75,2415.00,2233.75,2726.25,2375.00,1501.25,6093.75,1722.50,1522.50,2255.00,2592.50,3042.50,4721.25,2860.00,2616.25,6028.75,2471.25,1936.25,906.25,530.00,2682.50,457.50,1770.00,99199.41
"Total 4000  MOVING REVENUE",128178.42,106964.20,162722.73,185941.63,291472.02,402030.72,352264.53,342915.44,252683.77,230002.59,202167.00,201836.11,133362.90,148276.06,208469.45,205228.08,292055.51,414801.43,343053.27,294300.28,213826.71,193756.63,163515.39,213846.92,152993.06,137781.63,207341.88,255510.19,311068.11,396591.01,368905.11,375258.31,219512.97,258796.50,229306.60,201599.25,153680.45,208126.63,239763.64,261443.24,334612.03,522099.05,420161.48,438639.82,246897.53,267871.67,226318.56,241883.68,149719.97,181640.92,257552.60,189184.55,230349.07,13368281.30
"4200  MOVING SUPPLIES REVENUE","","","","","","","","","","","","","","","","","","","","","","","","","","","","","","","","","","","","","","","","","","","","","","","","","","","","","",
"4210  Boxes, Supplies & Merchandise",5239.75,5051.00,6556.75,6678.50,10703.25,15469.75,9043.25,8426.50,8390.25,7723.75,5757.25,6501.25,4535.25,7912.00,10137.00,7194.50,9917.75,15256.25,8798.75,8084.75,6098.00,4940.25,4171.75,8332.25,6385.00,2526.25,7898.25,11688.75,10010.75,15425.00,7950.75,12387.50,7021.75,16026.50,8136.00,8046.00,7652.75,9023.50,12316.00,16487.25,8958.50,19119.75,13691.75,14682.25,14745.25,15685.25,11615.25,13009.50,8588.25,5374.00,8002.25,6222.25,8362.00,497958.00
"4220  Box, Tote & Equipment Rental",3.68,45.08,41.39,58.68,111.20,120.20,47.17,40.79,0.00,0.00,0.00,0.00,0.00,0.00,0.00,60.00,0.00,16.50,50.00,20.00,140.00,120.00,88.50,147.50,143.75,340.00,181.75,338.49,295.12,150.00,215.00,352.16,58.00,198.25,162.50,40.00,45.00,62.79,251.50,10.00,65.00,22.00,0.00,217.50,15.00,0.00,60.00,8.50,15.00,15.00,52.50,255.00,0.00,4680.50
"4230  Online Box Sale Commission",0.00,0.00,0.00,0.00,0.00,0.00,0.00,0.00,0.00,0.00,0.00,0.00,0.00,0.00,0.00,0.00,0.00,0.00,0.00,0.00,0.00,0.00,0.00,0.01,0.00,0.00,0.00,0.00,0.00,0.00,0.00,0.00,0.00,0.00,0.00,0.00,0.00,0.00,0.00,0.00,0.00,0.00,0.00,0.00,0.00,0.00,0.00,0.00,0.00,0.00,0.00,0.00,0.00,0.01
"Total 4200  MOVING SUPPLIES REVENUE",5243.43,5096.08,6598.14,6737.18,10814.45,15589.95,9090.42,8467.29,8390.25,7723.75,5757.25,6501.25,4535.25,7912.00,10137.00,7254.50,9917.75,15272.75,8848.75,8104.75,6238.00,5060.25,4260.25,8479.76,6528.75,2866.25,8080.00,12027.24,10305.87,15575.00,8165.75,12739.66,7079.75,16224.75,8298.50,8086.00,7697.75,9086.29,12567.50,16497.25,9023.50,19141.75,13691.75,14899.75,14760.25,15685.25,11675.25,13018.00,8603.25,5389.00,8054.75,6477.25,8362.00,502638.51
"4500  ANCILLARY REVENUE","","","","","","","","","","","","","","","","","","","","","","","","","","","","","","","","","","","","","","","","","","","","","","","","","","","","","",
"4510  Cancellation Fee Income",100.00,0.00,400.00,400.00,-100.00,600.00,-100.00,100.00,700.00,100.00,-200.00,300.00,0.00,0.00,0.00,200.00,100.00,200.00,100.00,0.00,300.00,0.00,0.00,0.00,100.00,300.00,100.00,100.00,0.00,425.00,600.00,814.00,200.00,300.00,300.00,400.00,200.00,100.00,0.00,200.00,200.00,300.00,200.00,300.00,300.00,0.00,400.00,150.00,0.00,300.00,200.00,200.00,100.00,9989.00
"4535  Commission Income (Internal)","","","","","","","","","","","","","","","","","","","","","","","","","","","","","","","","","","","","","","","","","","","","","","","","","","","","","",
"4535.1  Backhaul Commission",0.00,0.00,0.00,0.00,0.00,0.00,0.00,0.00,0.00,0.00,0.00,0.00,0.00,0.00,0.00,0.00,0.00,0.00,3180.71,0.00,0.00,0.00,0.00,0.00,0.00,0.00,0.00,0.00,0.00,0.00,0.00,0.00,0.00,-830.00,0.00,0.00,0.00,-150.00,0.00,0.00,0.00,1058.52,0.00,0.00,0.00,0.00,0.00,0.00,0.00,0.00,0.00,0.00,0.00,3259.23
"Total 4535  Commission Income (Internal)",0.00,0.00,0.00,0.00,0.00,0.00,0.00,0.00,0.00,0.00,0.00,0.00,0.00,0.00,0.00,0.00,0.00,0.00,3180.71,0.00,0.00,0.00,0.00,0.00,0.00,0.00,0.00,0.00,0.00,0.00,0.00,0.00,0.00,-830.00,0.00,0.00,0.00,-150.00,0.00,0.00,0.00,1058.52,0.00,0.00,0.00,0.00,0.00,0.00,0.00,0.00,0.00,0.00,0.00,3259.23
"4540  Fuel Surcharge",4335.36,3521.52,6040.22,6045.99,10318.02,16784.03,15733.00,17739.06,9282.86,6194.39,8805.12,6479.89,4209.85,5485.91,6176.38,6447.95,11161.85,17006.20,17662.59,12589.37,7057.22,6979.78,4153.82,7919.80,4329.85,4112.94,5942.04,7659.95,5455.84,11741.64,10091.25,12061.16,5222.84,5417.47,5500.28,4450.18,2717.62,5223.05,5000.62,5555.45,8038.76,16944.37,11036.36,12685.87,15683.39,5845.33,3945.75,4574.52,2604.61,4198.61,4531.54,3277.09,4786.04,416764.60
"4545  Additional Job Charges",19211.04,25892.79,28700.95,36160.89,50953.21,62338.09,66163.97,57324.78,37956.00,53295.20,27065.28,39452.76,26256.90,24763.26,33899.65,33491.72,51073.02,51237.86,49665.21,49503.87,36301.50,32144.06,34079.02,29619.86,22585.89,26098.60,36137.71,40409.47,43827.26,50184.87,49939.54,53241.82,29640.67,45004.95,31557.76,37560.78,24627.14,32816.66,37206.90,37866.00,59250.02,44721.52,7077.19,5766.35,7993.40,5070.17,4683.59,10755.19,5397.32,5071.71,6315.88,11080.04,5543.45,1733982.74
"4547  Travel Charges",0.00,0.00,0.00,0.00,0.00,0.00,0.00,0.00,0.00,0.00,0.00,0.00,0.00,0.00,0.00,0.00,0.00,0.00,0.00,0.00,0.00,0.00,0.00,0.00,0.00,0.00,0.00,0.00,0.00,0.00,0.00,0.00,0.00,0.00,0.00,0.00,0.00,0.00,0.00,0.00,0.00,8167.90,48589.96,42386.83,30186.81,32002.25,32448.34,31649.81,21345.43,26379.30,37819.09,29072.99,41356.44,381405.15
"4550  Storage Fees",10870.59,6618.56,8020.19,7793.97,7342.87,8322.03,2761.19,10849.86,7121.41,6087.42,6505.67,2391.31,8088.44,3278.29,5017.30,2089.73,3153.54,5664.60,3356.54,525.12,1394.24,332.13,1105.26,1354.52,182.13,422.13,2105.28,0.00,3327.09,1043.35,450.00,782.13,793.59,0.00,769.25,429.82,182.13,0.00,642.23,169.00,802.13,182.13,328.25,0.00,729.21,1036.82,0.00,649.05,480.00,60.00,914.36,344.79,185.13,137054.78
"4560  Valuation Revenue",1212.75,730.00,2302.50,2700.00,3495.00,6480.00,4710.00,1935.00,1537.50,2805.50,1350.00,2822.95,1837.50,1275.00,937.50,2181.50,4275.06,5774.50,5081.75,3742.00,3472.50,2085.00,1567.50,4952.50,1807.50,1132.50,1800.00,3727.50,3597.00,6432.50,4162.50,4160.00,2257.00,3810.00,2669.50,2415.00,1885.00,1470.00,1771.50,2002.50,3337.50,6771.68,5312.50,4432.00,3052.50,2895.00,2572.50,4455.00,2261.95,2190.00,2638.34,2542.50,1537.50,158362.48
"Total 4500  ANCILLARY REVENUE",35729.74,36762.87,45463.86,53100.85,72009.10,94524.15,89268.16,87948.70,56597.77,68482.51,43526.07,51446.91,40392.69,34802.46,46030.83,44410.90,69763.47,79883.16,79046.80,66360.36,48525.46,41540.97,40905.60,43846.68,29005.37,32066.17,46085.03,51896.92,56207.19,69827.36,65243.29,71059.11,38114.10,53702.42,40796.79,45255.78,29611.89,39459.71,44621.25,45792.95,71628.41,78146.12,72544.26,65571.05,57945.31,46849.57,44050.18,52233.57,32089.31,38199.62,52419.21,46517.41,53508.56,2840817.98
"4900  DISCOUNTS & ALLOWANCES","","","","","","","","","","","","","","","","","","","","","","","","","","","","","","","","","","","","","","","","","","","","","","","","","","","","","",
"4910  Charity Discounts",0.00,0.00,0.00,0.00,-4625.00,0.00,0.00,0.00,-375.00,0.00,0.00,-440.00,0.00,0.00,0.00,-9225.00,-2400.00,0.00,0.00,0.00,0.00,0.00,0.00,0.00,-3640.00,0.00,0.00,-1542.50,-7156.25,0.00,0.00,0.00,-6247.50,-7282.50,-7787.50,-5100.00,-7937.50,0.00,-250.00,0.00,-5250.00,-12645.00,-1200.00,-11451.25,-5662.50,-3537.50,-6117.50,-14860.00,-2585.00,-1250.00,0.00,-6917.75,-3030.00,-138515.25
"4915  Flat Fee Discounts",-1210.53,-3551.54,-3780.52,-2532.25,-12640.97,-17538.46,-10440.41,-5057.29,-4786.58,-14164.40,-16829.26,-19638.55,-6653.56,-10406.61,-8729.75,-8479.67,-7979.77,-27954.59,-4275.22,-5899.32,-20147.89,-6910.51,-12693.37,-5933.75,-9023.00,-12006.08,-6154.95,-12987.42,-351.85,-5515.34,-18136.34,-22443.11,-2672.73,-4312.50,-1269.46,-2021.50,-1295.00,-23289.48,-6513.16,-4545.78,-16007.80,-55207.68,-26838.21,-12042.50,-14898.10,-2277.99,-2179.96,-3975.71,-1038.75,-764.00,-2544.26,-734.22,-1884.01,-511165.66
"4920  Customer Refunds/Discounts",-0.33,-0.19,-2.26,-404.13,-634.33,-184.41,-56.47,-82.34,-4.48,-26.07,-5.68,-2.39,-3.05,0.00,-451.10,-4.48,-0.90,-94.70,-91.96,-0.24,-50.00,-15.87,0.00,-0.01,0.00,-0.01,0.00,-0.44,0.00,-8.30,-0.01,-27.36,0.00,0.00,0.00,0.00,0.00,0.00,0.00,0.00,-1.08,0.00,0.00,0.00,0.00,0.00,0.00,-50.00,0.00,0.00,0.00,-537.22,0.00,-2739.81
"Total 4900  DISCOUNTS & ALLOWANCES",-1210.86,-3551.73,-3782.78,-2936.38,-17900.30,-17722.87,-10496.88,-5139.63,-5166.06,-14190.47,-16834.94,-20080.94,-6656.61,-10406.61,-9180.85,-17709.15,-10380.67,-28049.29,-4367.18,-5899.56,-20197.89,-6926.38,-12693.37,-5933.76,-12663.00,-12006.09,-6154.95,-14530.36,-7508.10,-5523.64,-18136.35,-22470.47,-8920.23,-11595.00,-9056.96,-7121.50,-9232.50,-23289.48,-6763.16,-4545.78,-21258.88,-67852.68,-28038.21,-23493.75,-20560.60,-5815.49,-8297.46,-18885.71,-3623.75,-2014.00,-2544.26,-8189.19,-4914.01,-652420.72
"Total Income",167940.73,145271.42,211001.95,242843.28,356395.27,494421.95,440126.23,434191.80,312505.73,292018.38,234615.38,239703.33,171634.23,180583.91,255456.43,239184.33,361356.06,481908.05,426581.64,362865.83,248392.28,233431.47,195987.87,260239.60,175864.18,160707.96,255351.96,304903.99,370073.07,476469.73,424177.80,436586.61,255786.59,317128.67,269344.93,247819.53,181757.59,233383.15,290189.23,319187.66,394005.06,551534.24,478359.28,495616.87,299042.49,324591.00,273746.53,288249.54,186788.78,223215.54,315482.30,233990.02,287305.62,16059317.07
"Cost of Goods Sold","","","","","","","","","","","","","","","","","","","","","","","","","","","","","","","","","","","","","","","","","","","","","","","","","","","","","",
"5000  COST OF SUPPLIES","","","","","","","","","","","","","","","","","","","","","","","","","","","","","","","","","","","","","","","","","","","","","","","","","","","","","",
"5030  Moving Supplies and Equipment",202.72,0.00,0.00,17280.10,0.00,0.00,0.00,0.00,105.00,0.00,0.00,0.00,0.00,0.00,0.00,5280.00,5011.51,12.88,0.00,12.88,0.00,0.00,0.00,433.09,0.00,7.50,0.00,8934.35,32.23,614.79,203.17,0.00,0.00,0.00,0.00,0.00,0.00,57.88,34.08,3800.52,98.63,27.92,0.00,37.60,0.00,0.00,0.00,49.36,0.00,0.00,6310.03,0.00,199.92,48746.16
"5040  Boxes & Packing Supplies",4254.32,4019.60,4198.10,3790.98,11369.68,10130.72,8052.15,8972.93,8642.40,5774.49,5804.79,4401.42,5246.88,3423.00,8837.75,5416.85,3811.20,14773.74,12521.47,6170.15,4363.22,3979.75,2688.96,4653.35,1587.42,4025.33,6162.29,7946.93,7076.31,11844.50,9225.95,7275.37,4867.41,9051.21,7442.18,4567.02,3727.08,6980.24,4858.54,7199.85,8195.33,9077.90,8419.38,7679.66,6742.19,7805.11,4863.70,2679.98,8378.28,5835.70,6621.10,5171.15,3637.18,344242.19
"5050  Stretch Wrap",0.00,0.00,0.00,0.00,0.00,0.00,0.00,0.00,0.00,0.00,0.00,0.00,0.00,0.00,0.00,0.00,0.00,0.00,0.00,0.00,0.00,0.00,0.00,0.00,0.00,0.00,0.00,0.00,0.00,0.00,0.00,0.00,0.00,0.00,0.00,0.00,1306.00,1567.20,1838.40,2358.70,2089.60,3134.40,3656.80,4290.60,2536.40,2864.00,2153.00,1840.80,1896.00,1652.81,3190.31,1537.50,1602.83,39515.35
"5000  COST OF SUPPLIES - Other",0.00,0.00,0.00,0.00,0.00,0.00,0.00,0.00,0.00,0.00,0.00,0.00,0.00,0.00,0.00,0.00,0.00,0.00,0.00,0.00,0.00,0.00,0.00,0.00,0.00,0.00,0.00,0.00,0.00,0.00,0.00,0.00,0.00,0.00,0.00,1632.04,0.00,0.00,0.00,0.00,0.00,0.00,0.00,0.00,0.00,0.00,0.00,0.00,0.00,0.00,0.00,0.00,0.00,1632.04
"Total 5000  COST OF SUPPLIES",4457.04,4019.60,4198.10,21071.08,11369.68,10130.72,8052.15,8972.93,8747.40,5774.49,5804.79,4401.42,5246.88,3423.00,8837.75,10696.85,8822.71,14786.62,12521.47,6183.03,4363.22,3979.75,2688.96,5086.44,1587.42,4032.83,6162.29,16881.28,7108.54,12459.29,9429.12,7275.37,4867.41,9051.21,7442.18,6199.06,5033.08,8605.32,6731.02,13359.07,10383.56,12240.22,12076.18,12007.86,9278.59,10669.11,7016.70,4570.14,10274.28,7488.51,16121.44,6708.65,5439.93,434135.74
"5100  DAMAGES & WARRANTY","","","","","","","","","","","","","","","","","","","","","","","","","","","","","","","","","","","","","","","","","","","","","","","","","","","","","",
"5150  Damage Claims","","","","","","","","","","","","","","","","","","","","","","","","","","","","","","","","","","","","","","","","","","","","","","","","","","","","","",
"5150.1  Gross Claims",3319.17,258.00,1415.80,1847.60,2179.89,1569.54,4448.95,2870.02,5055.84,18236.00,5812.76,4304.31,4232.90,2826.78,2343.10,2562.79,1751.44,2033.75,1429.38,2631.16,6725.46,2817.52,1205.40,2272.91,1780.95,853.52,-649.53,398.60,241.00,1180.48,7387.29,3122.90,836.08,2240.78,1616.88,729.00,397.50,129.14,2767.80,1686.91,4868.99,243.54,1201.30,5804.94,5895.39,1160.33,1933.11,7617.03,2424.40,5878.07,1952.14,1560.00,1023.14,150432.15
"5150.2  Mover Reimbursements",0.00,0.00,0.00,0.00,0.00,0.00,0.00,0.00,0.00,0.00,0.00,0.00,0.00,0.00,0.00,0.00,0.00,0.00,0.00,0.00,0.00,-100.00,0.00,0.00,0.00,0.00,0.00,0.00,0.00,0.00,0.00,0.00,0.00,0.00,0.00,0.00,0.00,0.00,0.00,0.00,0.00,0.00,0.00,0.00,0.00,0.00,0.00,0.00,0.00,0.00,0.00,0.00,0.00,-100.00
"5150.3  Insurance Reimbursements",0.00,0.00,0.00,0.00,0.00,0.00,0.00,0.00,0.00,-117.82,0.00,117.82,0.00,0.00,0.00,0.00,0.00,0.00,0.00,0.00,0.00,0.00,0.00,0.00,0.00,0.00,0.00,0.00,0.00,0.00,0.00,0.00,0.00,0.00,0.00,0.00,0.00,0.00,0.00,0.00,0.00,0.00,0.00,0.00,0.00,0.00,0.00,0.00,0.00,0.00,0.00,0.00,0.00,0.00
"5150  Damage Claims - Other",0.00,0.00,0.00,0.00,0.00,0.00,0.00,0.00,0.00,0.00,0.00,0.00,0.00,0.00,0.00,0.00,0.00,0.00,0.00,0.00,0.00,0.00,0.00,152.50,0.00,0.00,0.00,0.00,0.00,0.00,0.00,0.00,0.00,0.00,0.00,0.00,0.00,0.00,0.00,0.00,0.00,0.00,0.00,0.00,0.00,0.00,0.00,0.00,0.00,0.00,0.00,0.00,0.00,152.50
"Total 5150  Damage Claims",3319.17,258.00,1415.80,1847.60,2179.89,1569.54,4448.95,2870.02,5055.84,18118.18,5812.76,4422.13,4232.90,2826.78,2343.10,2562.79,1751.44,2033.75,1429.38,2631.16,6725.46,2717.52,1205.40,2425.41,1780.95,853.52,-649.53,398.60,241.00,1180.48,7387.29,3122.90,836.08,2240.78,1616.88,729.00,397.50,129.14,2767.80,1686.91,4868.99,243.54,1201.30,5804.94,5895.39,1160.33,1933.11,7617.03,2424.40,5878.07,1952.14,1560.00,1023.14,150484.65
"5100  DAMAGES & WARRANTY - Other",0.00,0.00,0.00,0.00,0.00,0.00,0.00,0.00,0.00,0.00,0.00,0.00,0.00,0.00,0.00,0.00,0.00,0.00,0.00,0.00,0.00,0.00,0.00,0.00,0.00,0.00,0.00,0.00,0.00,0.00,0.00,0.00,0.00,0.00,0.00,210.00,0.00,0.00,0.00,0.00,0.00,0.00,0.00,0.00,0.00,0.00,0.00,0.00,0.00,0.00,0.00,0.00,0.00,210.00
"Total 5100  DAMAGES & WARRANTY",3319.17,258.00,1415.80,1847.60,2179.89,1569.54,4448.95,2870.02,5055.84,18118.18,5812.76,4422.13,4232.90,2826.78,2343.10,2562.79,1751.44,2033.75,1429.38,2631.16,6725.46,2717.52,1205.40,2425.41,1780.95,853.52,-649.53,398.60,241.00,1180.48,7387.29,3122.90,836.08,2240.78,1616.88,939.00,397.50,129.14,2767.80,1686.91,4868.99,243.54,1201.30,5804.94,5895.39,1160.33,1933.11,7617.03,2424.40,5878.07,1952.14,1560.00,1023.14,150694.65
"5200  DIRECT LABOR","","","","","","","","","","","","","","","","","","","","","","","","","","","","","","","","","","","","","","","","","","","","","","","","","","","","","",
"5210  Driver Wages",8988.29,15544.28,16130.84,15975.31,19749.65,23877.45,19861.17,20328.19,20500.97,24370.57,23994.53,30437.20,8611.05,15976.15,24459.43,19988.72,20617.99,28797.48,24928.78,28538.84,20621.21,17711.90,21543.63,28055.66,7920.13,16040.27,14586.78,11956.16,22773.93,17961.93,17461.30,19337.21,11190.92,19187.56,19652.57,27769.65,14653.32,17030.95,17910.68,19585.40,25827.07,20878.82,18627.70,23801.29,16266.68,21519.57,18673.32,20981.85,25512.50,17227.55,25385.58,31331.23,23504.91,1064166.12
"5220  Driver Wages - Commission",10750.56,7464.89,12941.65,9041.80,12937.95,29214.46,23937.20,27359.65,19290.00,16800.80,17829.26,12017.36,9894.40,8418.72,15481.50,11295.61,15732.68,30807.09,31412.17,28270.36,15598.50,14800.26,10661.85,14634.20,14406.12,8850.07,15760.04,15093.06,25083.36,23938.20,20469.60,39284.09,16070.96,12883.70,19749.55,10277.52,11130.55,14047.32,10512.80,17473.67,27261.57,34323.50,32308.94,43196.86,17992.64,19106.91,11276.95,12631.62,9161.65,10887.27,10343.16,14690.50,12819.58,937624.68
"5230  Driver Wages - OT",639.38,1327.32,0.00,342.01,1032.76,159.00,337.88,904.13,1057.31,1493.82,459.38,1123.88,369.94,87.75,876.76,204.19,427.50,3143.06,856.88,1022.63,625.50,683.44,713.81,942.57,960.00,81.38,394.32,207.56,326.44,0.00,301.88,375.19,38.06,981.38,226.51,35.44,283.88,640.50,65.25,649.88,327.75,282.00,675.38,587.06,174.00,1469.07,385.13,492.38,78.75,206.63,848.07,368.44,106.51,30399.74
"5250  Driver Indirect Labor",0.00,0.00,0.00,0.00,0.00,0.00,0.00,0.00,0.00,0.00,0.00,0.00,0.00,0.00,0.00,0.00,0.00,0.00,0.00,505.18,0.00,0.00,0.00,0.00,0.00,0.00,0.00,0.00,114.17,0.00,0.00,158.11,0.00,0.00,0.00,0.00,0.00,0.00,0.00,0.00,0.00,0.00,0.00,0.00,0.00,0.00,0.00,0.00,0.00,0.00,0.00,0.00,0.00,777.46
"5310  Mover Wages",11433.34,16185.41,19133.66,22690.39,34812.40,60742.16,60287.86,56835.98,23519.39,25036.39,27457.54,32857.56,10891.49,20077.78,28570.06,26200.90,28308.05,42529.66,27498.40,34762.36,22841.83,21401.57,24146.24,32100.72,13489.76,19742.26,22848.46,24223.76,37168.79,38048.29,33826.31,41562.87,23630.00,27792.47,28248.19,30730.19,13597.10,20627.92,25858.96,30038.87,42962.76,43984.31,41913.67,51836.13,30554.53,36913.83,30410.47,28766.78,33303.93,19673.02,31169.51,34138.37,32696.71,1600079.36
"5320  Mover Wages - Commission",8846.77,6391.34,10023.01,7643.39,13287.33,30027.39,26028.24,31177.13,13230.82,11628.59,10463.29,8448.87,8578.40,6599.95,12587.33,10792.25,12140.12,23651.81,19239.08,17515.44,8755.32,7895.25,5857.77,7109.74,6049.43,3784.18,7623.46,10909.96,18054.82,24068.98,22126.41,29023.47,15099.50,14739.90,19001.32,10738.84,10128.81,8899.94,7625.90,10724.29,14694.11,22278.49,21489.09,27210.79,11875.80,12998.73,9972.44,12482.75,6482.80,8685.81,7442.04,7268.38,5551.36,704950.43
"5330  Mover Wages - OT",0.00,525.02,187.69,343.89,1344.96,1152.01,1681.89,1841.64,1654.51,1971.58,2813.45,1995.21,157.50,289.89,1672.14,289.31,660.19,3140.07,1371.95,1892.64,411.75,404.06,891.76,870.00,785.26,143.25,318.94,583.32,427.50,1704.94,866.25,1478.81,132.19,499.14,176.81,44.44,82.50,144.00,274.88,1794.39,663.75,1610.93,1413.57,1453.88,1371.76,2872.52,370.50,845.25,390.00,110.25,921.20,397.69,9.75,49450.78
"5370  Mover Modified Duty",0.00,0.00,0.00,0.00,0.00,0.00,0.00,0.00,0.00,97.81,0.00,0.00,0.00,0.00,0.00,0.00,0.00,0.00,0.00,0.00,0.00,0.00,0.00,0.00,0.00,0.00,0.00,0.00,0.00,0.00,0.00,0.00,0.00,0.00,0.00,0.00,0.00,0.00,0.00,0.00,0.00,0.00,0.00,0.00,0.00,0.00,0.00,0.00,0.00,0.00,0.00,0.00,0.00,97.81
"5600  Benefits",2457.25,2209.99,1752.50,1479.37,2026.25,1309.87,1731.75,-2033.51,1247.79,1776.73,2094.33,2359.46,-1182.56,537.19,1489.31,1073.07,1076.68,996.68,-709.10,676.73,981.90,-1071.32,1327.43,2900.43,251.44,971.60,1157.80,745.15,-1408.98,530.63,158.50,171.45,448.11,-1092.97,-1383.30,1147.44,-1331.88,-1038.08,-1038.08,-1038.08,-1297.60,-1151.51,-1527.62,-1954.30,-1466.50,-1940.48,-1535.80,-1535.80,-2071.83,-1687.88,-1687.88,-2023.35,-1556.72,2321.70
"5601  Healthcare Benefits","","","","","","","","","","","","","","","","","","","","","","","","","","","","","","","","","","","","","","","","","","","","","","","","","","","","","",
"5601.1  Medical Insurance",0.00,0.00,0.00,0.00,0.00,0.00,0.00,0.00,0.00,0.00,0.00,0.00,0.00,0.00,0.00,0.00,0.00,0.00,0.00,0.00,0.00,0.00,0.00,0.00,0.00,0.00,0.00,0.00,0.00,0.00,0.00,0.00,0.00,0.00,0.00,0.00,1014.32,1775.06,1267.90,1267.90,1267.90,1267.90,3095.68,2130.74,2130.74,1877.16,1877.16,1877.16,2572.09,0.00,2572.09,4597.08,2298.54,32889.42
"5601.2  Vision/Dental/Life Insurance",0.00,0.00,0.00,0.00,0.00,0.00,0.00,0.00,0.00,0.00,0.00,0.00,0.00,0.00,0.00,0.00,0.00,0.00,0.00,6.30,6.30,6.30,0.00,13.38,0.00,0.00,21.26,0.00,0.00,17.76,0.00,6.30,0.00,18.90,0.00,161.70,161.70,161.70,329.70,161.70,433.02,226.38,459.18,303.98,318.98,316.58,287.15,0.00,707.83,0.00,707.83,640.32,320.16,5794.41
"5601  Healthcare Benefits - Other",0.00,0.00,0.00,0.00,0.00,0.00,0.00,0.00,0.00,0.00,0.00,0.00,0.00,0.00,0.00,0.00,0.00,0.00,0.00,0.00,0.00,0.00,0.00,0.00,0.00,0.00,0.00,0.00,0.00,0.00,0.00,0.00,0.00,0.00,0.00,1014.32,0.00,0.00,0.00,0.00,0.00,0.00,0.00,0.00,0.00,0.00,0.00,0.00,0.00,0.00,0.00,0.00,0.00,1014.32
"Total 5601  Healthcare Benefits",0.00,0.00,0.00,0.00,0.00,0.00,0.00,0.00,0.00,0.00,0.00,0.00,0.00,0.00,0.00,0.00,0.00,0.00,0.00,6.30,6.30,6.30,0.00,13.38,0.00,0.00,21.26,0.00,0.00,17.76,0.00,6.30,0.00,18.90,0.00,1176.02,1176.02,1936.76,1597.60,1429.60,1700.92,1494.28,3554.86,2434.72,2449.72,2193.74,2164.31,1877.16,3279.92,0.00,3279.92,5237.40,2618.70,39698.15
"5602  Compensation Benefits",0.00,0.00,0.00,0.00,0.00,0.00,0.00,0.00,0.00,0.00,0.00,0.00,0.00,0.00,0.00,0.00,0.00,0.00,0.00,0.00,0.00,0.00,0.00,0.00,0.00,0.00,0.00,0.00,0.00,0.00,0.00,0.00,0.00,0.00,191.00,0.00,0.00,0.00,0.00,0.00,0.00,0.00,0.00,0.00,0.00,0.00,0.00,0.00,0.00,0.00,0.00,0.00,0.00,191.00
"5610  Payroll Taxes","","","","","","","","","","","","","","","","","","","","","","","","","","","","","","","","","","","","","","","","","","","","","","","","","","","","","",
"5610.1  FICA Expense",3047.77,3545.90,4379.29,4207.62,6254.10,11017.21,10035.96,10631.54,5997.16,6195.55,6338.45,6579.29,2941.05,3885.41,6385.02,5218.81,6005.49,10155.98,8043.91,8544.97,5176.93,4811.99,4868.71,6291.27,3273.52,3715.09,4931.12,4866.81,8177.49,7535.23,6911.81,9748.27,4999.67,5814.54,6573.74,6214.62,3551.01,4628.92,4586.74,6101.89,8586.94,9522.19,8931.84,11217.47,5937.19,7201.76,5398.09,5685.45,5663.13,4252.24,5782.42,6661.33,5731.96,332761.86
"5610.2  FUTA Expense",239.04,278.11,306.21,216.96,266.94,376.41,313.61,292.25,80.69,64.70,41.30,118.52,230.67,304.74,387.85,219.87,200.32,264.64,170.44,176.49,82.38,67.43,37.99,159.74,256.75,281.13,292.85,208.55,341.37,249.69,197.67,169.11,46.75,71.07,65.44,167.99,281.19,353.42,280.56,208.67,247.73,266.77,220.67,205.73,52.87,57.20,81.63,56.17,444.17,317.99,375.34,257.14,167.33,11120.25
"5610.3  SUTA Expense",478.08,556.22,686.95,660.03,981.03,1728.18,1554.92,1449.15,720.20,586.76,455.87,497.68,277.96,218.40,358.89,306.37,354.06,559.46,410.10,374.44,183.87,144.69,106.74,191.37,25.68,29.15,38.67,38.17,64.14,681.54,395.38,381.04,51.21,62.59,38.70,48.85,62.56,61.29,261.08,140.95,67.36,74.68,60.93,67.58,28.95,30.79,22.15,17.45,44.41,33.34,45.37,52.25,44.95,16812.63
"5610  Payroll Taxes - Other",0.00,0.00,0.00,0.00,0.00,0.00,0.00,0.00,0.00,0.00,0.00,0.00,0.00,0.00,0.00,36.88,6.89,0.00,25.44,0.00,0.00,0.00,0.00,0.00,0.00,0.00,0.00,0.00,0.00,0.00,0.00,0.00,2.10,0.00,0.00,0.00,0.00,0.00,0.00,0.00,0.00,0.00,0.00,0.00,0.00,0.00,0.00,0.00,0.00,0.00,0.00,0.00,0.00,71.31
"Total 5610  Payroll Taxes",3764.89,4380.23,5372.45,5084.61,7502.07,13121.80,11904.49,12372.94,6798.05,6847.01,6835.62,7195.49,3449.68,4408.55,7131.76,5781.93,6566.76,10980.08,8649.89,9095.90,5443.18,5024.11,5013.44,6642.38,3555.95,4025.37,5262.64,5113.53,8583.00,8466.46,7504.86,10298.42,5099.73,5948.20,6677.88,6431.46,3894.76,5043.63,5128.38,6451.51,8902.03,9863.64,9213.44,11490.78,6019.01,7289.75,5501.87,5759.07,6151.71,4603.57,6203.13,6970.72,5944.24,360766.05
"5630  Workers Comp Insurance",0.00,6506.73,9321.13,0.00,-18058.00,8229.80,14414.33,12927.83,11399.58,9036.56,14744.10,3629.01,8415.59,5297.20,5178.08,11357.38,7037.97,9635.79,14826.70,11655.30,12078.33,5435.79,4979.70,4979.70,0.00,9785.90,3808.72,5037.22,4889.78,8285.18,9034.71,7606.97,10188.68,8739.66,4720.90,5412.60,3754.15,4298.30,4011.56,4943.97,5157.59,7695.78,8538.83,7948.24,10586.36,3693.02,4851.52,3527.79,3518.90,3712.69,2759.39,3745.06,5351.54,338633.61
"5640  Subcontract Labor",0.00,0.00,0.00,0.00,0.00,0.00,0.00,0.00,1489.20,0.00,0.00,0.00,0.00,0.00,0.00,0.00,-175.00,0.00,0.00,0.00,-166.25,0.00,0.00,0.00,0.00,-1680.00,0.00,0.00,0.00,0.00,-350.00,0.00,0.00,0.00,0.00,0.00,-140.00,-245.00,0.00,-105.00,-325.00,0.00,0.00,0.00,0.00,0.00,0.00,0.00,0.00,0.00,0.00,0.00,0.00,-1697.05
"5200  DIRECT LABOR - Other",0.00,0.00,0.00,0.00,0.00,0.00,0.00,0.00,0.00,0.00,0.00,0.00,0.00,0.00,0.00,0.00,0.00,0.00,0.00,0.00,0.00,0.00,0.00,0.00,0.00,0.00,0.00,0.00,0.00,0.00,0.00,0.00,0.00,0.00,273.00,0.00,0.00,0.00,0.00,0.00,0.00,0.00,0.00,0.00,0.00,0.00,0.00,0.00,0.00,0.00,0.00,0.00,0.00,273.00
"Total 5200  DIRECT LABOR",46880.48,60535.21,74862.93,62600.77,74635.37,167833.94,160184.81,161713.98,100187.62,99059.86,106691.50,100064.04,49185.49,61693.18,97446.37,86983.36,92392.94,153681.72,128074.75,133941.68,87197.57,72291.36,75135.63,98248.78,47418.09,61744.28,71782.42,73869.72,116012.81,123022.37,111399.82,149302.89,81898.15,89697.94,97534.43,93763.60,57229.21,71386.24,71947.93,91948.50,125874.95,141260.24,136207.86,168005.45,95824.00,106116.66,82070.71,85828.85,85808.33,63418.91,86664.12,102124.44,87046.58,5127732.84
"5700  TRUCK EXPENSE","","","","","","","","","","","","","","","","","","","","","","","","","","","","","","","","","","","","","","","","","","","","","","","","","","","","","",
"5710  Fuel",9499.26,7997.04,5384.01,9315.57,11876.71,22595.25,25867.75,24266.07,16680.04,13149.75,12682.61,12387.68,10792.67,17019.32,11850.67,8483.40,15187.63,21568.36,23351.48,17759.10,11247.22,11311.52,9391.07,17794.77,10185.38,7710.58,13206.05,7014.58,16295.85,22669.44,23959.68,23266.81,22257.57,17996.27,16995.89,14180.71,8389.24,11321.97,10396.07,12255.51,17397.24,23914.80,28545.77,12517.02,19188.97,13289.01,15634.43,10520.52,11648.26,8778.57,10357.45,9635.08,9299.61,776287.28
"5720  Repairs",9121.68,4805.36,6471.79,41155.21,4979.14,27420.36,21114.51,19881.38,15122.48,13426.03,6082.68,11593.41,31752.10,22174.58,9224.35,15385.62,28235.18,8121.35,11178.35,14010.25,7495.52,8463.34,6916.92,2908.00,3146.07,-3689.50,18864.56,5521.66,23800.59,39951.87,28997.64,15602.80,19518.22,22017.99,12266.83,5121.73,35074.25,411.28,30060.96,7326.82,6707.88,5631.75,5645.71,6227.47,12037.29,18614.42,2544.31,2447.63,702.90,1339.62,14785.51,4134.58,1280.60,693133.03
"5722  Body Repair",0.00,0.00,0.00,0.00,0.00,0.00,0.00,0.00,36.00,0.00,92.40,15806.82,1496.05,0.00,360.89,386.65,0.00,0.00,606.98,0.00,0.00,0.00,841.76,0.00,39.21,70.99,0.00,0.00,0.00,783.95,297.50,0.00,1007.49,0.00,600.82,0.00,415.83,0.00,0.00,0.00,0.00,0.00,0.00,0.00,0.00,0.00,0.00,113.68,0.00,28.43,0.00,0.00,0.00,22985.45
"5725  Towing",0.00,0.00,0.00,0.00,0.00,0.00,0.00,0.00,0.00,135.00,240.00,600.00,722.01,0.00,875.25,0.00,775.00,350.00,0.00,550.00,0.00,300.00,585.00,714.89,420.00,0.00,1989.26,0.00,0.00,721.62,757.62,857.11,1806.55,920.00,0.00,0.00,460.00,275.00,0.00,-53.54,-28.02,-3.03,0.00,0.00,0.00,0.00,0.00,0.00,0.00,0.00,0.00,0.00,0.00,13969.72
"5730  Preventative Maintenance",195.18,0.00,963.50,1252.50,222.64,3032.88,3965.04,0.00,3104.94,336.78,1494.08,374.72,5339.91,2209.60,0.00,3291.78,2272.49,787.65,2383.35,1489.79,17.05,883.60,2314.45,915.95,98.53,225.35,5243.00,2385.68,3743.68,2001.26,3276.66,4912.26,1984.43,1685.78,1902.28,105.00,3742.49,0.00,5739.88,6456.56,6437.18,6719.48,6367.41,7308.75,7252.29,1929.29,32.77,540.28,0.00,0.00,1072.93,119.02,3847.89,121978.01
"5740  Cleaning",300.00,260.00,0.00,280.00,300.00,340.00,340.00,320.00,240.00,260.00,320.00,300.00,340.00,240.00,320.00,0.00,740.00,360.00,260.00,380.00,0.00,660.00,133.72,340.00,320.00,260.00,0.00,0.00,240.00,340.00,340.00,684.00,252.00,630.00,630.00,306.00,738.00,468.00,936.00,594.00,288.00,936.00,576.00,857.65,504.00,306.98,666.00,252.00,882.00,288.00,719.57,648.00,990.00,21685.92
"5750  Tires",976.75,0.00,1414.59,1131.25,486.33,725.78,2403.86,0.00,2039.15,5410.76,1757.00,616.48,755.71,710.48,896.51,833.85,2572.68,5555.01,1797.88,470.98,0.00,411.61,1193.85,0.00,855.45,931.32,1299.85,1049.93,928.06,1115.96,5594.28,1426.08,0.00,1067.96,1029.79,2266.56,2893.92,614.59,0.00,4422.18,1400.59,1155.67,0.00,0.00,126.56,605.60,406.98,326.27,0.00,0.00,5024.70,710.68,0.00,67413.49
"5760  Rental Trucks - Short Term",0.00,0.00,0.00,450.00,1385.01,14976.95,460.00,0.00,0.00,0.00,0.00,1380.00,460.00,0.00,0.00,0.00,13578.23,11239.76,11814.26,5665.40,3426.07,6121.64,3759.70,2139.31,0.00,0.00,0.00,0.00,0.00,1987.61,5616.36,1137.44,0.00,0.00,0.00,0.00,0.00,0.00,0.00,0.00,0.00,3507.09,0.00,10051.41,0.00,6663.48,0.00,6337.59,0.00,1775.88,2894.72,7059.80,2047.14,125934.85
"5765  Rental Trucks - Long Term",0.00,0.00,0.00,0.00,3060.58,0.00,14191.06,12570.99,10595.32,9576.44,744.70,3902.43,0.00,0.00,0.00,0.00,0.00,0.00,0.00,0.00,0.00,0.00,0.00,0.00,0.00,0.00,0.00,0.00,0.00,0.00,0.00,0.00,0.00,0.00,0.00,0.00,0.00,0.00,0.00,0.00,0.00,0.00,0.00,0.00,0.00,0.00,0.00,0.00,0.00,0.00,0.00,0.00,0.00,54641.52
"5770  Truck Licenses & Fees",1183.00,1617.00,4427.38,2306.00,0.00,1275.22,0.00,82.61,3954.14,711.30,60.61,1072.00,654.61,3289.00,370.00,4637.00,1694.00,284.50,-87.33,97.00,30.00,1126.59,0.00,3773.00,0.00,0.00,0.00,1728.00,4851.00,1078.00,284.50,0.00,539.00,1078.00,20.00,8834.79,1078.00,2258.35,1841.47,151.61,3806.11,0.00,607.70,22.00,2971.10,539.00,684.16,386.60,0.00,1225.00,5423.32,3167.41,1373.84,76506.59
"5790  Insurance",2942.85,0.00,2942.85,2942.85,2942.85,1000.00,3620.32,6497.42,4714.42,2166.30,0.00,4749.13,4775.11,4737.02,4737.02,4737.02,4737.02,4737.02,4737.02,0.00,17058.22,0.00,5587.02,4737.02,4737.02,4737.02,0.00,4737.02,4737.02,4737.02,4737.02,0.00,800.00,4441.02,5463.60,4441.02,4441.02,4441.02,4441.02,4441.02,4441.02,4441.02,4441.02,0.00,4404.27,0.00,4404.27,4404.27,4404.27,4976.95,4976.95,4976.95,4976.95,207278.26
"5850  Depreciation - Trucks",12562.44,12562.44,12562.44,12562.44,12562.44,12327.94,12327.94,12327.94,12327.94,12327.94,12327.94,15354.69,11309.84,11309.84,11309.84,11309.84,11309.84,11309.84,11309.84,11309.84,11309.84,11309.84,11309.84,25271.09,11652.77,22480.65,0.00,10827.88,9295.99,9295.99,8756.94,8187.79,8187.79,8727.96,11850.04,11850.04,11850.02,11850.02,11850.02,11850.02,11033.07,11033.05,8650.90,8650.90,8650.90,8650.90,8650.90,11820.27,11263.06,11263.06,11263.06,11263.06,11263.06,603783.97
"5885  Fines & Other Costs",0.00,0.00,0.00,50.00,0.00,128.11,0.00,0.00,0.00,0.00,0.00,0.00,0.00,0.00,0.00,0.00,0.00,0.00,0.00,0.00,0.00,0.00,0.00,0.00,0.00,0.00,0.00,0.00,0.00,0.00,0.00,0.00,200.00,145.00,90.00,0.00,0.00,0.00,0.00,0.00,0.00,134.20,555.13,0.00,348.00,0.00,50.00,400.00,0.00,0.00,0.00,0.00,0.00,2100.44
"5890  GPS",551.00,551.00,551.00,551.00,551.00,551.00,551.00,551.00,551.00,551.00,615.99,580.99,595.99,580.99,580.99,580.99,394.89,580.99,830.52,787.95,2819.00,553.00,951.28,0.00,553.00,0.00,553.00,553.00,553.00,553.00,553.00,553.00,553.00,553.00,553.00,553.00,553.00,553.00,553.00,553.00,553.00,553.00,553.00,553.00,553.00,553.00,553.00,553.00,553.00,553.00,553.00,553.00,553.00,31447.57
"5895  Truck Supplies",229.41,0.00,155.35,563.40,0.00,1388.06,570.99,1148.01,93.14,0.00,317.04,665.90,2132.17,531.05,15.90,725.91,69.49,122.65,-2.24,70.00,500.00,368.00,546.75,21.47,643.03,46.19,507.39,524.78,463.59,413.00,929.48,437.71,522.56,804.78,595.69,505.37,413.00,413.00,527.41,748.82,413.00,448.92,449.88,525.88,523.04,500.04,496.31,595.61,413.00,413.00,1191.35,678.43,631.03,26007.74
"5700  TRUCK EXPENSE - Other",0.00,0.00,0.00,0.00,0.00,0.00,0.00,0.00,0.00,0.00,0.00,0.00,0.00,0.00,0.00,0.00,0.00,0.00,0.00,0.00,0.00,0.00,0.00,0.00,0.00,0.00,0.00,0.00,139.13,19.36,105.00,0.00,1901.82,831.93,610.91,69.98,0.00,0.00,0.00,0.00,0.00,0.00,0.00,0.00,0.00,0.00,0.00,0.00,0.00,0.00,0.00,0.00,0.00,3678.13
"Total 5700  TRUCK EXPENSE",37561.57,27792.84,34872.91,72560.22,38366.70,85761.55,85412.47,77645.42,69458.57,58051.30,36735.05,69384.25,71126.17,62801.88,40541.42,50372.06,81566.45,65017.13,68180.11,52590.31,53902.92,41509.14,43531.36,58615.50,32650.46,32772.60,41663.11,34342.53,65047.91,85668.08,84205.68,57065.00,59530.43,60899.69,52608.85,48234.20,70048.77,32606.23,66345.83,48746.00,52449.07,58471.95,56392.52,46714.08,56559.42,51651.72,34123.13,38697.72,29866.49,30641.51,58262.56,42946.01,36263.12,2848831.97
"5900  OTHER MOVING & STORAGE EXPENSE","","","","","","","","","","","","","","","","","","","","","","","","","","","","","","","","","","","","","","","","","","","","","","","","","","","","","",
"5910  Travel Costs",2514.48,1176.44,3131.35,2484.77,1985.83,4171.95,5856.05,3793.21,3502.56,3773.21,3612.26,2829.46,1968.38,1552.89,1043.24,1049.52,2846.48,4674.64,3722.07,2644.03,1575.11,2049.71,610.62,1483.73,1207.27,454.74,1087.83,2414.54,2270.99,3298.37,2549.09,3050.41,1761.35,1198.82,847.54,658.00,953.67,1990.57,1040.91,915.66,1901.52,3850.08,3336.20,2712.67,1802.68,1451.05,903.77,1025.64,1202.41,1113.93,659.17,1181.17,836.35,111728.39
"5911  Tolls, Ferry and Parking Fees",0.00,0.00,0.00,0.00,0.00,0.00,0.00,256.67,290.14,93.52,20.00,190.39,75.12,0.00,0.00,0.00,38.27,842.82,1175.84,1071.45,145.19,8.22,676.76,0.00,1167.50,130.00,263.15,130.00,812.30,796.15,989.89,0.00,61.27,519.00,590.00,0.00,473.67,288.25,97.07,364.90,650.45,351.08,658.09,1427.38,0.82,228.95,118.21,0.00,42.86,361.19,211.88,26.88,58.65,15703.98
"5913  Parking Fines",0.00,0.00,0.00,0.00,0.00,0.00,0.00,0.00,0.00,0.00,0.00,0.00,0.00,0.00,0.00,0.00,0.00,0.00,0.00,0.00,0.00,0.00,0.00,0.00,0.00,0.00,0.00,0.00,0.00,0.00,0.00,0.00,0.00,0.00,0.00,0.00,0.00,0.00,0.00,0.00,0.00,0.00,0.00,200.00,0.00,0.00,0.00,0.00,0.00,0.00,0.00,0.00,0.00,200.00
"5914  Actual Weight Tickets",0.00,0.00,0.00,0.00,0.00,0.00,0.00,0.00,242.00,163.00,247.00,110.00,251.00,220.00,143.00,154.00,233.00,451.00,318.00,389.00,319.00,198.00,230.00,158.00,145.00,243.00,215.00,320.00,399.50,602.00,194.18,543.07,351.92,367.32,0.00,0.00,0.00,0.00,23.00,34.50,492.50,530.41,172.50,323.00,309.50,240.00,242.50,230.50,156.00,226.00,319.00,180.00,362.50,11048.90
"5920  Meals",0.00,0.00,0.00,0.00,307.59,0.00,0.00,150.78,0.00,0.00,101.00,0.00,0.00,0.00,0.00,0.00,0.00,0.00,0.00,0.00,0.00,0.00,0.00,0.00,0.00,0.00,0.00,0.00,0.00,0.00,0.00,0.00,0.00,0.00,0.00,0.00,0.00,0.00,0.00,0.00,0.00,0.00,0.00,120.07,0.00,62.02,0.00,8.01,0.00,22.43,0.00,0.00,0.00,771.90
"5930  Per Diem",1205.00,750.00,985.65,775.00,1800.00,2475.00,2750.00,2425.00,1425.00,1375.00,1500.00,1225.00,750.00,925.00,575.00,925.00,1250.00,2975.00,2450.00,1800.00,1250.00,1000.00,800.00,575.00,925.00,800.00,825.00,1275.00,1225.00,1875.00,2800.00,1650.00,0.00,0.00,0.00,0.00,310.00,950.00,100.00,650.00,1350.00,2745.00,2160.00,1960.00,461.00,0.00,0.00,50.00,150.00,200.00,750.00,400.00,850.00,58426.65
"5940  Reimbursed Mileage - Moving",0.00,237.26,29.25,129.93,0.00,0.00,0.00,0.00,0.00,0.00,0.00,0.00,0.00,0.00,0.00,0.00,0.00,0.00,0.00,0.00,0.00,0.00,0.00,0.00,0.00,0.00,0.00,0.00,0.00,0.00,0.00,0.00,0.00,0.00,0.00,0.00,0.00,0.00,0.00,0.00,0.00,0.00,0.00,0.00,0.00,0.00,0.00,0.00,0.00,0.00,0.00,0.00,0.00,396.44
"5950  Other Moving/Storage Expense",3325.02,3315.02,90.00,2239.36,5757.31,5058.32,2559.00,4916.50,5879.85,3230.90,1012.15,3770.02,2336.50,1101.50,3491.49,1981.50,1101.50,2861.50,1101.50,2111.00,1626.50,1228.97,1461.50,1396.50,1472.33,1396.50,1396.50,1351.50,1101.50,1101.50,1101.50,1101.50,1101.50,0.00,90.00,90.00,90.00,90.00,90.00,125.00,105.00,105.00,520.00,485.00,105.00,105.00,105.00,105.00,105.00,105.00,105.00,458.25,105.00,77165.99
"5960  Cellular Phones - Mover/Driver",0.00,0.00,0.00,0.00,-142.96,-89.35,-71.48,-89.35,-71.48,464.62,0.00,0.00,-71.48,-71.48,-89.35,-71.48,-71.48,-89.35,-71.48,-157.18,-432.01,-239.36,-57.23,-71.48,-39.36,96.30,-57.23,-39.36,-57.23,-39.36,-39.36,-57.23,-39.36,-39.36,-57.23,-39.36,-57.23,-39.36,-39.36,-39.36,-57.23,-39.36,-39.36,-57.23,-21.49,-57.23,-39.36,-39.36,-57.23,-39.36,-39.36,-57.23,-39.36,-2659.97
"5970  Backhaul Commission Paid",0.00,0.00,0.00,0.00,0.00,0.00,0.00,0.00,0.00,0.00,0.00,0.00,0.00,0.00,0.00,0.00,0.00,0.00,0.00,0.00,0.00,0.00,0.00,0.00,0.00,0.00,0.00,0.00,0.00,0.00,0.00,0.00,0.00,0.00,0.00,0.00,0.00,0.00,0.00,0.00,0.00,0.00,0.00,382.50,0.00,0.00,0.00,0.00,0.00,0.00,0.00,0.00,0.00,382.50
"5900  OTHER MOVING & STORAGE EXPENSE - Other",0.00,0.00,0.00,0.00,0.00,0.00,0.00,0.00,0.00,0.00,0.00,0.00,0.00,0.00,0.00,0.00,0.00,0.00,0.00,0.00,0.00,0.00,0.00,0.00,0.00,0.00,0.00,0.00,0.00,0.00,0.00,0.00,0.00,0.00,40.28,27.64,0.00,0.00,0.00,0.00,0.00,0.00,0.00,0.00,0.00,0.00,0.00,0.00,0.00,0.00,0.00,0.00,0.00,67.92
"Total 5900  OTHER MOVING & STORAGE EXPENSE",7044.50,5478.72,4236.25,5629.06,9707.77,11615.92,11093.57,11452.81,11268.07,9100.25,6492.41,8124.87,5309.52,3727.91,5163.38,4038.54,5397.77,11715.61,8695.93,7858.30,4483.79,4245.54,3721.65,3541.75,4877.74,3120.54,3730.25,5451.68,5752.06,7633.66,7595.30,6287.75,3236.68,2045.78,1510.59,736.28,1770.11,3279.46,1311.62,2050.70,4442.24,7542.21,6807.43,7553.39,2657.51,2029.79,1330.12,1379.79,1599.04,1989.19,2005.69,2189.07,2173.14,273232.70
"Total COGS",99262.76,98084.37,119585.99,163708.73,136259.41,276911.67,269191.95,262655.16,194717.50,190104.08,161536.51,186396.71,135100.96,134472.75,154332.02,154653.60,189931.31,247234.83,218901.64,203204.48,156672.96,124743.31,126283.00,167917.88,88314.66,102523.77,122688.54,130943.81,194162.32,229963.88,220017.21,223053.91,150368.75,163935.40,160712.93,149872.14,134478.67,116006.39,149104.20,157791.18,198018.81,219758.16,212685.29,240085.72,170214.91,171627.61,126473.77,138093.53,129972.54,109416.19,165005.95,155528.17,131945.91,8834627.90
"Gross Profit",68677.97,47187.05,91415.96,79134.55,220135.86,217510.28,170934.28,171536.64,117788.23,101914.30,73078.87,53306.62,36533.27,46111.16,101124.41,84530.73,171424.75,234673.22,207680.00,159661.35,91719.32,108688.16,69704.87,92321.72,87549.52,58184.19,132663.42,173960.18,175910.75,246505.85,204160.59,213532.70,105417.84,153193.27,108632.00,97947.39,47278.92,117376.76,141085.03,161396.48,195986.25,331776.08,265673.99,255531.15,128827.58,152963.39,147272.76,150156.01,56816.24,113799.35,150476.35,78461.85,155359.71,7224689.17
"Expense","","","","","","","","","","","","","","","","","","","","","","","","","","","","","","","","","","","","","","","","","","","","","","","","","","","","","",
"6000  MARKETING EXPENSE","","","","","","","","","","","","","","","","","","","","","","","","","","","","","","","","","","","","","","","","","","","","","","","","","","","","","",
"Print Collateral*",0.00,0.00,0.00,0.00,0.00,0.00,0.00,0.00,0.00,0.00,0.00,0.00,0.00,0.00,0.00,0.00,0.00,0.00,0.00,0.00,0.00,0.00,0.00,0.00,0.00,0.00,0.00,0.00,0.00,0.00,0.00,0.00,0.00,246.68,0.00,0.00,0.00,0.00,0.00,0.00,0.00,0.00,0.00,0.00,0.00,0.00,0.00,0.00,0.00,0.00,0.00,0.00,0.00,246.68
"6010  Billboards and Out of Home",0.00,0.00,0.00,0.00,0.00,0.00,0.00,151.56,0.00,0.00,0.00,0.00,100.00,100.00,100.00,100.00,100.00,0.00,0.00,0.00,0.00,0.00,0.00,0.00,0.00,0.00,0.00,0.00,0.00,0.00,0.00,0.00,0.00,0.00,0.00,0.00,0.00,0.00,0.00,0.00,0.00,0.00,0.00,0.00,0.00,0.00,0.00,0.00,0.00,0.00,0.00,0.00,0.00,651.56
"6020  Print Collateral",432.19,589.62,137.93,578.05,0.00,0.00,0.00,0.00,578.05,0.00,0.00,0.00,160.13,0.00,1113.19,139.43,1072.73,0.00,54.97,312.09,348.56,0.00,0.00,930.88,0.00,0.00,123.34,0.00,1320.31,0.00,116.59,0.00,0.00,0.00,0.00,0.00,0.00,0.00,0.00,1161.52,0.00,447.69,0.00,0.00,0.00,0.00,0.00,0.00,591.09,0.00,225.23,0.00,0.00,10433.59
"6030  Membership/Networking Fees/Dues","","","","","","","","","","","","","","","","","","","","","","","","","","","","","","","","","","","","","","","","","","","","","","","","","","","","","",
"6030.1  Chamber Fees & Dues",0.00,0.00,0.00,0.00,0.00,0.00,0.00,0.00,0.00,0.00,0.00,0.00,0.00,0.00,0.00,0.00,0.00,0.00,0.00,0.00,0.00,0.00,0.00,0.00,0.00,15.00,0.00,0.00,0.00,0.00,0.00,0.00,0.00,0.00,0.00,0.00,0.00,0.00,0.00,0.00,0.00,0.00,0.00,0.00,0.00,0.00,0.00,0.00,0.00,0.00,0.00,0.00,0.00,15.00
"6030  Membership/Networking Fees/Dues - Other",375.00,0.00,0.00,0.00,0.00,0.00,196.50,38.00,22.50,0.00,695.00,525.00,0.00,412.50,275.00,0.00,175.00,35.00,0.00,0.00,0.00,0.00,200.00,1030.00,375.00,0.00,0.00,0.00,302.50,0.00,0.00,0.00,0.00,300.00,0.00,45.00,375.00,0.00,745.00,0.00,0.00,0.00,205.00,0.00,665.00,300.00,0.00,0.00,375.00,35.00,0.00,0.00,775.00,8477.00
"Total 6030  Membership/Networking Fees/Dues",375.00,0.00,0.00,0.00,0.00,0.00,196.50,38.00,22.50,0.00,695.00,525.00,0.00,412.50,275.00,0.00,175.00,35.00,0.00,0.00,0.00,0.00,200.00,1030.00,375.00,15.00,0.00,0.00,302.50,0.00,0.00,0.00,0.00,300.00,0.00,45.00,375.00,0.00,745.00,0.00,0.00,0.00,205.00,0.00,665.00,300.00,0.00,0.00,375.00,35.00,0.00,0.00,775.00,8492.00
"6040  Charitable Contrib/Sponsorships",0.00,0.00,0.00,0.00,0.00,0.00,0.00,0.00,0.00,891.78,2500.00,0.00,0.00,0.00,0.00,151.89,115.64,0.00,-351.23,0.00,0.00,3.75,720.00,2500.00,0.00,0.00,0.00,0.00,0.00,0.00,0.00,0.00,0.00,0.00,750.00,2500.00,0.00,0.00,0.00,0.00,640.24,52.00,600.00,104.00,0.00,100.00,0.00,7298.77,38.44,0.00,0.00,61.70,0.00,18676.98
"6045  Non-Charitable Contrib/Sponsor",0.00,0.00,0.00,0.00,0.00,0.00,0.00,0.00,0.00,0.00,50.00,0.00,1450.00,1250.00,1250.00,6250.00,0.00,2312.50,3500.00,5812.50,5312.50,5312.50,4637.50,4562.50,2320.00,2312.50,0.00,0.00,150.00,0.00,0.00,7539.71,7333.33,6833.33,6833.33,6083.33,6083.33,0.00,0.00,250.00,0.00,0.00,0.00,4166.65,8000.00,7666.67,3666.67,6666.66,6666.66,0.00,13.68,0.00,0.00,124285.85
"6050  Direct Mail",0.00,63.80,49.50,188.10,189.75,292.60,210.10,227.15,187.55,182.60,174.35,190.30,179.30,147.40,160.60,177.10,217.80,215.05,233.75,290.95,201.85,237.50,184.50,192.50,168.50,184.00,195.00,200.00,239.50,273.34,246.00,250.00,100.00,135.50,178.00,125.00,28.50,0.00,0.00,0.00,0.00,0.00,0.00,0.00,0.00,0.00,0.00,0.00,0.00,0.00,0.00,0.00,0.00,6717.44
"6060  Newspaper",0.00,0.00,0.00,0.00,0.00,0.00,0.00,0.00,0.00,0.00,0.00,0.00,0.00,0.00,0.00,0.00,808.00,0.00,0.00,0.00,0.00,0.00,0.00,0.00,0.00,0.00,0.00,0.00,0.00,0.00,0.00,0.00,0.00,0.00,0.00,0.00,0.00,0.00,0.00,0.00,0.00,0.00,0.00,0.00,0.00,0.00,0.00,0.00,38.44,0.00,0.00,0.00,0.00,846.44
"6070  Magazines",0.00,0.00,0.00,0.00,0.00,0.00,0.00,0.00,0.00,51.07,0.00,0.00,0.00,0.00,0.00,0.00,0.00,470.00,0.00,0.00,0.00,0.00,0.00,0.00,0.00,0.00,0.00,0.00,208.00,0.00,0.00,0.00,0.00,0.00,0.00,0.00,0.00,0.00,0.00,0.00,0.00,0.00,0.00,0.00,0.00,0.00,0.00,0.00,0.00,0.00,0.00,0.00,0.00,729.07
"6080  Radio",0.00,0.00,0.00,0.00,1500.00,0.00,0.00,0.00,0.00,0.00,0.00,0.00,0.00,0.00,0.00,0.00,0.00,0.00,0.00,0.00,0.00,0.00,0.00,0.00,0.00,0.00,0.00,10035.00,0.00,0.00,0.00,0.00,0.00,0.00,0.00,0.00,0.00,0.00,0.00,0.00,0.00,0.00,0.00,0.00,0.00,0.00,0.00,0.00,0.00,0.00,0.00,0.00,0.00,11535.00
"6100  Internet","","","","","","","","","","","","","","","","","","","","","","","","","","","","","","","","","","","","","","","","","","","","","","","","","","","","","",
"6100.1  Pay-per-click advertising",0.00,0.00,0.00,0.00,0.00,0.00,0.00,0.00,0.00,0.00,0.00,0.00,3100.00,3100.00,3100.00,3100.00,3100.00,3100.00,3100.00,3100.00,3100.00,3100.00,3100.00,3100.00,2655.00,2655.00,2955.00,2655.00,2655.00,3255.00,2655.00,2655.00,2655.00,2655.00,2655.00,2655.00,2049.00,2022.00,2520.00,2549.00,2691.00,2663.00,2715.00,3036.00,2490.00,2751.00,2904.00,2109.00,1763.00,1740.00,3068.00,2500.00,2500.00,112030.00
"6100.3  Display advertising",0.00,0.00,0.00,0.00,0.00,0.00,0.00,0.00,0.00,0.00,0.00,0.00,0.00,0.00,0.00,0.00,1015.12,2471.77,2187.30,4775.81,-1500.00,0.00,0.00,0.00,0.00,0.00,0.00,0.00,0.00,0.00,0.00,0.00,0.00,0.00,0.00,0.00,0.00,0.00,0.00,0.00,0.00,0.00,0.00,0.00,0.00,0.00,0.00,0.00,0.00,0.00,0.00,0.00,0.00,8950.00
"6100.4  Social media advertising",0.00,0.00,0.00,0.00,0.00,0.00,0.00,0.00,238.61,0.00,0.00,30.26,54.70,25.00,54.79,148.84,50.00,26.05,0.00,0.00,68.56,63.54,48.38,47.50,21.25,52.32,30.09,0.00,20.04,0.00,20.00,0.00,0.00,30.75,7.50,42.50,5.00,0.00,0.00,17.02,0.00,543.74,21.99,20.00,19.99,17.50,39.95,5.06,0.00,11.50,5.00,49.00,25.00,1861.43
"6100.5  Reputation management",0.00,0.00,225.00,450.00,225.00,0.00,180.00,180.00,180.00,180.00,225.00,225.00,225.00,225.00,225.00,225.00,225.00,225.00,225.00,225.00,225.00,225.00,225.00,225.00,225.00,225.00,225.00,225.00,225.00,225.00,225.00,225.00,225.00,225.00,225.00,225.00,225.00,225.00,225.00,225.00,411.25,225.00,0.00,450.00,225.00,225.00,225.00,225.00,225.00,225.00,225.00,225.00,225.00,11481.25
"6100  Internet - Other",3265.00,4306.75,4992.13,2798.73,2825.07,2825.00,2942.82,3062.82,2750.00,2814.69,2775.00,2750.00,0.00,0.00,0.00,0.00,0.00,0.00,0.00,0.00,0.00,0.00,0.00,0.00,0.00,0.00,0.00,97.50,0.00,0.00,0.00,0.00,0.00,0.00,0.00,0.00,0.00,0.00,0.00,0.00,0.00,0.00,0.00,0.00,0.00,0.00,0.00,0.00,0.00,0.00,0.00,0.00,0.00,38205.51
"Total 6100  Internet",3265.00,4306.75,5217.13,3248.73,3050.07,2825.00,3122.82,3242.82,3168.61,2994.69,3000.00,3005.26,3379.70,3350.00,3379.79,3473.84,4390.12,5822.82,5512.30,8100.81,1893.56,3388.54,3373.38,3372.50,2901.25,2932.32,3210.09,2977.50,2900.04,3480.00,2900.00,2880.00,2880.00,2910.75,2887.50,2922.50,2279.00,2247.00,2745.00,2791.02,3102.25,3431.74,2736.99,3506.00,2734.99,2993.50,3168.95,2339.06,1988.00,1976.50,3298.00,2774.00,2750.00,172528.19
"6150  Trade Shows",0.00,0.00,0.00,0.00,0.00,0.00,0.00,0.00,0.00,0.00,0.00,0.00,0.00,0.00,725.00,0.00,0.00,0.00,0.00,0.00,0.00,0.00,0.00,0.00,0.00,290.00,17.50,0.00,0.00,0.00,0.00,0.00,0.00,0.00,0.00,0.00,0.00,0.00,0.00,0.00,0.00,0.00,0.00,0.00,0.00,0.00,0.00,0.00,0.00,0.00,0.00,0.00,0.00,1032.50
"6200  TMT Merchandise",167.82,64.20,87.72,3055.90,147.03,40.96,100.82,655.37,0.00,604.73,838.61,269.03,259.96,0.00,1284.88,422.96,0.00,0.00,0.00,0.00,747.03,0.00,0.00,38.03,249.42,0.00,0.00,0.00,0.00,0.00,200.34,0.00,0.00,699.23,0.00,0.00,369.13,0.00,0.00,0.00,0.00,0.00,0.00,0.00,0.00,0.00,207.96,0.00,0.00,0.00,0.00,0.00,0.00,10511.13
"6300  Uniforms",0.00,0.00,0.00,0.00,0.00,0.00,0.00,0.00,0.00,0.00,0.00,0.00,0.00,0.00,0.00,0.00,0.00,0.00,0.00,0.00,0.00,0.00,0.00,-219.50,-37.50,-25.00,0.00,0.00,0.00,0.00,0.00,0.00,0.00,0.00,0.00,0.00,0.00,0.00,0.00,0.00,0.00,0.00,0.00,0.00,0.00,0.00,0.00,0.00,0.00,0.00,0.00,0.00,0.00,-282.00
"6400  Print Directories",2750.00,0.00,0.00,0.00,0.00,0.00,0.00,0.00,0.00,0.00,0.00,0.00,0.00,0.00,0.00,0.00,0.00,0.00,0.00,0.00,0.00,0.00,0.00,314.37,0.00,0.00,0.00,0.00,0.00,0.00,0.00,0.00,0.00,0.00,0.00,0.00,0.00,0.00,0.00,0.00,0.00,0.00,213.39,0.00,0.00,0.00,0.00,0.00,0.00,0.00,0.00,0.00,0.00,3277.76
"6600  Other Marketing",553.45,1990.86,3235.06,1241.67,1358.99,883.57,415.36,2724.67,4485.92,2258.38,4505.31,9010.93,196.36,372.50,165.33,185.13,65.74,60.43,25.97,120.69,45.88,64.49,241.25,45.00,0.00,0.00,0.00,176.14,0.00,0.00,50.00,0.00,0.00,6.00,100.13,211.09,640.77,84.50,315.25,77.91,269.14,0.00,623.37,137.78,35.00,290.38,96.86,116.87,487.50,82.45,50.00,104.17,0.00,38208.25
"6610  Public Relations",2000.00,0.00,0.00,1000.00,2000.00,2000.00,1000.00,1000.00,1000.00,0.00,70.00,0.00,0.00,0.00,35.00,0.00,0.00,0.00,0.00,0.00,0.00,126.29,0.00,783.61,94.22,250.00,0.00,0.00,12.00,0.00,0.00,0.00,0.00,0.00,0.00,0.00,0.00,0.00,0.00,0.00,0.00,0.00,0.00,0.00,0.00,0.00,0.00,0.00,0.00,0.00,0.00,0.00,0.00,11371.12
"6630  Signage",0.00,0.00,0.00,0.00,0.00,0.00,0.00,0.00,0.00,0.00,194.82,0.00,77.37,0.00,0.00,529.00,0.00,0.00,0.00,0.00,0.00,315.00,0.00,0.00,0.00,0.00,0.00,0.00,0.00,0.00,0.00,0.00,0.00,0.00,168.69,0.00,0.00,0.00,0.00,0.00,0.00,0.00,0.00,0.00,0.00,0.00,0.00,0.00,0.00,0.00,103.00,0.00,0.00,1387.88
"6710  Marketing Coord Wages",0.00,0.00,0.00,0.00,0.00,0.00,0.00,0.00,0.00,0.00,0.00,0.00,0.00,0.00,0.00,0.00,0.00,279.92,81.86,0.00,0.00,0.00,0.00,0.00,0.00,0.00,0.00,0.00,0.00,0.00,0.00,0.00,0.00,0.00,0.00,0.00,0.00,0.00,0.00,0.00,0.00,0.00,0.00,0.00,0.00,0.00,0.00,0.00,0.00,0.00,0.00,0.00,0.00,361.78
"6740  Contract/Professional services",0.00,0.00,0.00,0.00,0.00,0.00,0.00,0.00,0.00,0.00,0.00,0.00,401.25,0.00,0.00,53.75,67.19,0.00,0.00,0.00,80.00,9.99,7.50,0.00,0.00,0.00,0.00,0.00,0.00,0.00,0.00,0.00,0.00,0.00,0.00,0.00,250.00,0.00,0.00,0.00,0.00,0.00,0.00,0.00,0.00,0.00,0.00,1666.50,1666.50,0.00,0.00,0.00,0.00,4202.68
"6750  Customer and referral goodwill",0.00,0.00,0.00,0.00,0.00,0.00,0.00,0.00,0.00,0.00,0.00,0.00,0.00,0.00,0.00,0.00,0.00,0.00,126.11,0.00,0.00,0.00,0.00,0.00,0.00,0.00,0.00,0.00,0.00,0.00,0.00,0.00,0.00,0.00,0.00,0.00,0.00,0.00,0.00,0.00,0.00,0.00,0.00,0.00,0.00,0.00,0.00,0.00,0.00,0.00,0.00,0.00,0.00,126.11
"6760  Nonbranded marketing event supp",0.00,0.00,0.00,0.00,0.00,0.00,0.00,0.00,0.00,0.00,0.00,0.00,0.00,0.00,0.00,0.00,0.00,0.00,0.00,0.00,50.40,53.00,0.00,0.00,0.00,0.00,100.00,0.00,0.00,0.00,0.00,0.00,0.00,0.00,0.00,0.00,0.00,0.00,0.00,0.00,0.00,0.00,0.00,0.00,0.00,0.00,0.00,0.00,0.00,0.00,0.00,0.00,0.00,203.40
"6000  MARKETING EXPENSE - Other",0.00,0.00,0.00,0.00,0.00,0.00,0.00,0.00,0.00,0.00,0.00,0.00,0.00,0.00,0.00,0.00,0.00,0.00,0.00,0.00,0.00,0.00,0.00,0.00,0.00,0.00,0.00,0.00,0.00,0.00,0.00,0.00,0.00,0.00,0.00,0.00,0.00,0.00,0.00,0.00,0.00,0.00,0.00,0.00,0.00,0.00,0.00,0.00,350.18,0.00,0.00,0.00,0.00,350.18
"Total 6000  MARKETING EXPENSE",9543.46,7015.23,8727.34,9312.45,8245.84,6042.13,5045.60,8039.57,9442.63,6983.25,12028.09,13000.52,6204.07,5632.40,8488.79,11483.10,7012.22,9195.72,9183.73,14637.04,8679.78,9511.06,9364.13,13549.89,6070.89,5958.82,3645.93,13388.64,5132.35,3753.34,3512.93,10669.71,10313.33,11131.49,10917.65,11886.92,10025.73,2331.50,3805.25,4280.45,4011.63,3931.43,4378.75,7914.43,11434.99,11350.55,7140.44,18087.86,12201.81,2093.95,3689.91,2939.87,3525.00,425893.59
"7000  EMPLOYEE COSTS - RR&T","","","","","","","","","","","","","","","","","","","","","","","","","","","","","","","","","","","","","","","","","","","","","","","","","","","","","",
"7010  Awards","","","","","","","","","","","","","","","","","","","","","","","","","","","","","","","","","","","","","","","","","","","","","","","","","","","","","",
"7010.3  Raffles",0.00,0.00,0.00,0.00,0.00,0.00,0.00,0.00,0.00,0.00,0.00,0.00,0.00,0.00,0.00,0.00,0.00,0.00,0.00,0.00,0.00,0.00,0.00,0.00,0.00,0.00,0.00,0.00,0.00,0.00,0.00,0.00,0.00,0.00,0.00,0.00,0.00,15.00,0.00,0.00,0.00,0.00,0.00,0.00,0.00,0.00,0.00,0.00,0.00,0.00,0.00,14.47,0.00,29.47
"7010  Awards - Other",71.43,0.00,40.00,0.00,0.00,512.90,54.95,0.00,0.00,0.00,100.00,0.00,0.00,35.00,86.85,88.10,0.00,0.00,0.00,0.00,0.00,0.00,30.00,57.30,321.05,348.03,291.31,0.00,0.00,6.44,161.24,0.00,0.00,340.95,0.00,0.00,0.00,0.00,0.00,0.00,0.00,9.20,50.00,0.00,0.00,178.05,73.06,0.00,548.74,0.00,0.00,0.00,0.00,3404.60
"Total 7010  Awards",71.43,0.00,40.00,0.00,0.00,512.90,54.95,0.00,0.00,0.00,100.00,0.00,0.00,35.00,86.85,88.10,0.00,0.00,0.00,0.00,0.00,0.00,30.00,57.30,321.05,348.03,291.31,0.00,0.00,6.44,161.24,0.00,0.00,340.95,0.00,0.00,0.00,15.00,0.00,0.00,0.00,9.20,50.00,0.00,0.00,178.05,73.06,0.00,548.74,0.00,0.00,14.47,0.00,3434.07
"7015  Certifications",0.00,0.00,0.00,0.00,0.00,0.00,0.00,0.00,0.00,0.00,0.00,0.00,0.00,0.00,0.00,0.00,0.00,0.00,0.00,0.00,0.00,0.00,0.00,0.00,0.00,0.00,30.00,0.00,0.00,0.00,0.00,0.00,0.00,0.00,0.00,0.00,0.00,0.00,0.00,0.00,0.00,0.00,0.00,0.00,0.00,0.00,0.00,0.00,0.00,0.00,0.00,0.00,0.00,30.00
"7020  Recruitment",0.00,0.00,310.00,661.25,547.15,284.48,150.40,280.89,272.90,52.86,0.00,25.00,100.00,50.00,62.50,172.03,245.31,25.00,1025.00,0.00,0.00,0.00,0.00,0.00,0.00,0.00,111.00,4.47,443.53,0.00,300.00,300.00,25.00,300.00,600.00,106.55,0.00,0.00,735.50,400.00,729.01,563.84,600.00,721.04,800.00,800.00,800.00,800.00,0.00,1600.00,800.00,800.00,800.00,17404.71
"7021  Internet Recruiting Ad","","","","","","","","","","","","","","","","","","","","","","","","","","","","","","","","","","","","","","","","","","","","","","","","","","","","","",
"7021.4  Pay-per-click",0.00,0.00,0.00,0.00,0.00,0.00,0.00,0.00,0.00,0.00,0.00,0.00,0.00,0.00,0.00,0.00,0.00,0.00,0.00,0.00,0.00,0.00,0.00,0.00,0.00,0.00,0.00,0.00,0.00,0.00,0.00,0.00,0.00,0.00,0.00,0.00,0.00,0.00,0.00,0.00,0.00,0.00,0.00,6.02,0.00,0.00,0.00,0.00,0.00,0.00,0.00,0.00,0.00,6.02
"7021  Internet Recruiting Ad - Other",0.00,0.00,0.00,0.00,0.00,0.00,0.00,0.00,0.00,0.00,0.00,0.00,0.00,0.00,0.00,0.00,0.00,600.00,0.00,900.00,896.53,783.90,0.00,0.00,0.00,0.00,90.00,316.00,0.00,382.96,0.00,0.00,0.00,0.00,0.00,0.00,0.00,0.00,14.74,0.00,122.50,0.00,61.25,183.75,0.00,122.50,0.00,0.00,0.00,0.00,0.00,0.00,0.00,4474.13
"Total 7021  Internet Recruiting Ad",0.00,0.00,0.00,0.00,0.00,0.00,0.00,0.00,0.00,0.00,0.00,0.00,0.00,0.00,0.00,0.00,0.00,600.00,0.00,900.00,896.53,783.90,0.00,0.00,0.00,0.00,90.00,316.00,0.00,382.96,0.00,0.00,0.00,0.00,0.00,0.00,0.00,0.00,14.74,0.00,122.50,0.00,61.25,189.77,0.00,122.50,0.00,0.00,0.00,0.00,0.00,0.00,0.00,4480.15
"7025  Recruiting Materials",0.00,0.00,0.00,0.00,0.00,0.00,0.00,0.00,0.00,0.00,0.00,0.00,0.00,0.00,0.00,0.00,0.00,0.00,0.00,0.00,0.00,0.00,0.00,0.00,0.00,0.00,0.00,238.63,0.00,0.00,0.00,0.00,0.00,0.00,0.00,0.00,0.00,0.00,0.00,0.00,0.00,0.00,0.00,0.00,0.00,0.00,0.00,0.00,0.00,0.00,0.00,0.00,0.00,238.63
"7027  Social Media",0.00,0.00,0.00,0.00,0.00,0.00,0.00,0.00,0.00,0.00,0.00,0.00,0.00,0.00,0.00,0.00,0.00,0.00,0.00,0.00,0.00,0.00,0.00,0.00,0.00,0.00,0.00,0.00,0.00,0.00,0.00,0.00,0.00,0.00,0.00,0.00,0.00,10.00,0.00,0.00,0.00,0.00,0.00,0.00,0.00,0.00,0.00,0.00,0.00,0.00,0.00,0.00,0.00,10.00
"7030  Training and Education",0.00,0.00,0.00,0.00,1580.00,0.00,0.00,0.00,0.00,0.00,0.00,1997.48,0.00,0.00,0.00,0.00,0.00,0.00,0.00,0.00,0.00,0.00,428.12,615.00,0.00,115.58,1274.76,0.00,0.00,34.67,0.00,0.00,0.00,0.00,370.00,675.00,0.00,0.00,110.21,0.00,0.00,0.00,0.00,0.00,0.00,771.70,389.85,1705.14,0.00,1085.00,0.00,0.00,-1152.20,10000.31
"7035  Employee Dev Training Expense",0.00,0.00,0.00,0.00,0.00,0.00,0.00,0.00,0.00,0.00,0.00,0.00,0.00,0.00,0.00,0.00,0.00,0.00,0.00,0.00,0.00,0.00,0.00,0.00,0.00,0.00,0.00,0.00,0.00,0.00,0.00,0.00,0.00,0.00,0.00,0.00,0.00,0.00,0.00,0.00,0.00,0.00,0.00,0.00,0.00,0.00,0.00,0.00,0.00,50.00,0.00,0.00,0.00,50.00
"7110  Training Wages",0.00,0.00,0.00,0.00,60.00,0.00,0.00,0.00,0.00,0.00,0.00,0.00,0.00,0.00,0.00,585.00,705.00,764.50,295.00,0.00,0.00,0.00,0.00,0.00,0.00,0.00,0.00,0.00,0.00,0.00,0.00,0.00,0.00,0.00,0.00,0.00,0.00,0.00,0.00,0.00,0.00,0.00,0.00,0.00,0.00,0.00,0.00,0.00,0.00,0.00,0.00,0.00,0.00,2409.50
"7140  Employee Events",0.00,0.00,0.00,0.00,0.00,0.00,0.00,0.00,0.00,0.00,1678.13,988.81,0.00,80.73,0.00,0.00,144.96,450.39,0.00,0.00,0.00,475.00,208.00,10.48,0.00,199.13,31.28,622.21,0.00,0.00,28.18,0.00,169.20,151.89,26.81,202.50,331.64,1041.44,754.71,567.84,37.86,635.29,1424.84,232.76,100.21,585.75,288.44,1093.22,130.16,0.00,0.00,0.00,0.00,12691.86
"7150  Pre-Employment Assessment","","","","","","","","","","","","","","","","","","","","","","","","","","","","","","","","","","","","","","","","","","","","","","","","","","","","","",
"7150.1  Drug Screen",0.00,0.00,0.00,0.00,0.00,252.50,0.00,0.00,0.00,0.00,0.00,0.00,0.00,0.00,0.00,252.50,0.00,0.00,252.50,0.00,252.50,18.50,0.00,0.00,530.00,0.00,133.75,0.00,271.00,0.00,530.00,0.00,0.00,74.00,0.00,18.50,74.00,0.00,252.50,0.00,0.00,259.50,79.00,0.00,0.00,0.00,0.00,84.00,0.00,0.00,0.00,0.00,0.00,3334.75
"7150.2  Background Checks",0.00,0.00,0.00,0.00,0.00,0.00,0.00,0.00,287.50,0.00,0.00,0.00,14.91,0.00,0.00,0.00,0.00,0.00,14.91,0.00,487.72,271.18,0.00,0.00,14.92,0.00,0.00,0.00,0.00,0.00,0.00,0.00,0.00,0.00,0.00,0.00,33.83,0.00,251.45,129.45,83.70,46.85,221.35,24.35,144.95,127.95,526.05,33.95,33.95,0.00,0.00,458.00,0.00,3206.97
"7150.3  Physicals",0.00,0.00,0.00,0.00,0.00,0.00,357.00,0.00,0.00,0.00,0.00,118.00,1710.50,118.50,0.00,474.00,57.96,105.18,0.00,0.00,0.00,929.50,0.00,0.00,0.00,0.00,0.00,0.00,118.50,0.00,0.00,0.00,0.00,300.00,0.00,100.00,329.50,0.00,0.00,100.00,0.00,0.00,18.50,118.50,118.50,0.00,0.00,0.00,0.00,118.50,0.00,89.00,0.00,5281.64
"7150  Pre-Employment Assessment - Other",45.18,66.00,0.00,36.00,12.00,0.00,12.00,0.00,12.00,0.00,0.00,0.00,0.00,0.00,0.00,17.00,0.00,0.00,0.00,0.00,0.00,0.00,0.00,0.00,0.00,0.00,0.00,0.00,0.00,0.00,0.00,0.00,0.00,0.00,0.00,0.00,0.00,0.00,0.00,0.00,0.00,0.00,0.00,0.00,0.00,0.00,0.00,0.00,0.00,0.00,0.00,0.00,0.00,200.18
"Total 7150  Pre-Employment Assessment",45.18,66.00,0.00,36.00,12.00,252.50,369.00,0.00,299.50,0.00,0.00,118.00,1725.41,118.50,0.00,743.50,57.96,105.18,267.41,0.00,740.22,1219.18,0.00,0.00,544.92,0.00,133.75,0.00,389.50,0.00,530.00,0.00,0.00,374.00,0.00,118.50,437.33,0.00,503.95,229.45,83.70,306.35,318.85,142.85,263.45,127.95,526.05,117.95,33.95,118.50,0.00,547.00,0.00,12023.54
"7160  Employee Meeting Food",0.00,0.00,0.00,0.00,190.49,241.66,196.10,43.92,0.00,334.01,0.00,27.13,0.00,81.32,0.00,0.00,11.05,39.43,0.00,0.00,38.91,9.07,0.00,0.00,12.50,0.00,91.03,29.88,115.03,107.06,78.39,32.92,0.00,135.63,82.45,185.24,0.00,0.00,0.00,80.47,0.00,426.28,0.00,0.00,41.68,12.89,26.27,0.00,0.00,68.87,0.00,0.00,20.50,2760.18
"7000  EMPLOYEE COSTS - RR&T - Other",0.00,0.00,0.00,0.00,0.00,0.00,0.00,0.00,0.00,0.00,0.00,0.00,0.00,0.00,0.00,0.00,0.00,0.00,0.00,0.00,0.00,0.00,0.00,0.00,0.00,0.00,0.00,0.00,0.00,0.00,0.00,0.00,0.00,0.00,0.00,0.00,0.00,0.00,0.00,0.00,0.00,0.00,0.00,0.00,0.00,0.00,0.00,211.78,486.59,72.52,781.35,421.52,-61.89,1911.87
"Total 7000  EMPLOYEE COSTS - RR&T",116.61,66.00,350.00,697.25,2389.64,1291.54,770.45,324.81,572.40,386.87,1778.13,3156.42,1825.41,365.55,149.35,1588.63,1164.28,1984.50,1587.41,900.00,1675.66,2487.15,666.12,682.78,878.47,662.74,2053.13,1211.19,948.06,531.13,1097.81,332.92,194.20,1302.47,1079.26,1287.79,768.97,1066.44,2119.11,1277.76,973.07,1940.96,2454.94,1286.42,1205.34,2598.84,2103.67,3928.09,1199.44,2994.89,1581.35,1782.99,-393.59,67444.82
"7200  FACILITY EXPENSE","","","","","","","","","","","","","","","","","","","","","","","","","","","","","","","","","","","","","","","","","","","","","","","","","","","","","",
"7220  Depreciation-Leasehold Improv",3.08,3.08,3.08,3.08,3.08,3.08,3.08,3.08,3.08,3.08,3.08,3.07,3.08,3.08,3.08,3.08,3.08,3.08,3.08,3.08,3.08,3.08,3.08,3.07,3.08,6.16,0.00,3.08,3.08,3.08,3.08,3.08,3.08,3.08,3.08,3.07,3.08,3.08,3.08,3.08,3.08,3.08,3.08,3.08,3.08,3.08,3.08,3.08,3.08,3.08,3.08,3.08,3.08,163.21
"7230  Insurance-Property & Gen Liab",155.22,0.00,155.22,155.22,155.22,119.00,655.22,6622.13,10448.13,154.88,0.00,128.13,128.13,128.13,128.13,128.13,128.13,128.13,128.13,0.00,2244.62,0.00,128.13,128.13,128.13,128.13,0.00,128.13,128.13,128.13,128.13,0.00,0.00,128.13,1150.73,128.13,128.13,128.13,128.13,128.13,128.13,128.13,128.13,0.00,128.13,0.00,128.13,128.13,128.13,128.13,128.13,128.13,128.13,26243.88
"7240  Rent",10626.23,800.00,0.00,0.00,5000.00,6000.00,29000.00,5000.00,5000.00,5000.00,5000.00,5000.00,6000.00,0.00,0.00,0.00,0.00,5625.00,5625.00,5625.00,5625.00,5625.00,5625.00,5625.00,5625.00,5625.00,5625.00,5625.00,5625.00,5625.00,5625.00,5625.00,5625.00,5625.00,5625.00,5625.00,5625.00,5625.00,5625.00,5625.00,5625.00,5625.00,5625.00,5625.00,5625.00,5625.00,5625.00,5625.00,5625.00,5625.00,5625.00,5625.00,5625.00,284926.23
"7250  Repairs & Maint-Building",467.00,117.00,492.00,150.08,117.00,137.00,337.50,421.69,289.03,194.62,140.07,117.00,117.00,117.00,117.00,117.00,117.00,5531.99,117.00,129.90,121.00,709.03,119.13,117.00,117.00,117.00,117.00,130.56,117.00,399.60,5167.00,156.75,822.00,0.00,234.00,455.17,187.47,182.00,354.50,517.00,117.00,5704.50,117.00,117.00,354.50,117.00,329.95,354.50,117.00,5289.50,604.50,117.00,181.30,33004.84
"7255  Security System",120.75,0.00,0.00,0.00,0.00,0.00,95.00,384.00,384.00,0.00,0.00,0.00,0.00,0.00,0.00,0.00,0.00,0.00,0.00,0.00,485.89,0.00,0.00,384.00,0.00,0.00,0.00,0.00,146.93,0.00,0.00,0.00,384.00,0.00,0.00,0.00,0.00,350.00,384.00,0.00,0.00,0.00,384.00,502.25,620.50,417.10,206.06,59.13,0.00,350.00,0.00,0.00,0.00,5657.61
"7260  Telephone",188.84,0.00,0.00,814.82,0.00,0.00,0.00,0.00,0.00,0.00,0.00,0.00,38.26,270.33,316.51,390.63,431.23,323.63,317.28,390.01,366.53,1072.63,404.51,626.88,292.94,478.96,293.06,317.07,310.73,330.97,340.03,334.18,0.00,292.90,316.33,292.88,292.96,292.64,292.86,298.69,321.67,894.72,347.11,310.51,302.43,302.68,302.94,302.92,299.61,310.50,324.03,378.97,394.11,15521.49
"7270  Trash Removal",393.05,404.52,406.93,609.30,617.46,531.96,542.25,32.26,917.73,15.20,826.90,624.99,929.35,360.00,357.98,28.49,745.27,4.01,725.69,364.12,0.00,732.36,389.09,384.04,437.61,403.70,284.04,505.19,449.44,683.10,495.06,79.21,485.69,881.12,1137.42,982.90,1942.18,28.53,0.00,2112.25,550.28,29.37,618.02,0.00,644.51,624.34,622.41,591.06,618.61,694.04,1288.21,0.00,625.78,28757.02
"7280  Taxes-Personal Property",327.21,1471.84,5030.90,740.22,8.25,414.56,8.89,251.80,588.19,0.00,15.97,120.77,891.81,1552.04,-0.07,3810.02,4447.32,416.15,1.08,11055.35,-0.18,1869.52,-0.17,1791.18,0.00,-1.45,0.00,0.00,4692.97,319.42,371.00,3550.73,4573.48,4318.35,2900.08,3356.95,1100.20,3456.68,849.14,1050.71,-0.05,95.97,15.60,12343.26,3606.93,295.81,1363.77,1667.76,-0.08,0.00,-0.11,0.00,0.00,84739.77
"7285  Taxes-Real Estate Property",0.00,0.00,0.00,0.00,0.00,0.00,0.00,0.00,113.00,0.00,0.00,0.00,0.00,0.00,0.00,0.00,0.00,0.00,0.00,0.00,0.00,0.00,0.00,0.00,0.00,0.00,0.00,0.00,0.00,0.00,0.00,0.00,0.00,0.00,0.00,0.00,0.00,0.00,0.00,0.00,0.00,0.00,0.00,0.00,0.00,0.00,0.00,0.00,0.00,0.00,0.00,0.00,0.00,113.00
"7290  Utilities",1431.93,1297.73,1908.48,710.04,1369.61,1534.26,1611.18,1661.59,2004.72,1725.74,1611.73,1668.05,400.27,1334.47,1130.71,1108.49,1142.00,1553.06,1385.51,1372.52,1385.84,1273.46,1047.49,1338.89,1433.20,1222.99,1112.33,1122.93,1110.63,1205.91,1230.92,1207.52,1270.25,1161.87,1138.93,1145.67,1169.82,1117.98,1398.61,1188.43,1193.92,1391.74,1321.80,1499.09,1163.98,1072.67,913.95,1411.84,1116.91,831.02,1579.50,1156.54,616.27,67514.99
"7295  Allocated Facility Costs",1110.87,1111.92,2556.25,2556.25,2556.25,2848.65,3731.25,2631.25,2631.25,2631.25,2631.25,2631.25,1796.34,1924.43,1922.28,0.00,2087.43,2027.31,1709.60,0.00,2737.82,1500.42,1633.21,1466.12,2489.53,1668.29,1683.06,1818.58,1809.26,1656.46,1813.33,6911.25,1796.82,1700.68,1787.39,1527.79,2056.19,2205.32,1916.95,2036.11,2747.64,1846.62,1960.95,1858.23,2174.57,2101.69,1887.11,1823.21,1949.50,1633.84,1329.51,1721.66,1472.72,107816.91
"Total 7200  FACILITY EXPENSE",14824.18,5206.09,10552.86,5739.01,9826.87,11588.51,35984.37,17007.80,22379.13,9724.77,10229.00,10293.26,10304.24,5689.48,3975.62,5585.84,9101.46,15612.36,10012.37,18939.98,12969.60,12785.50,9349.47,11864.31,10526.49,9648.78,9114.49,9650.54,14393.17,10351.67,15173.55,17867.72,14960.32,14111.13,14292.96,13517.56,12505.03,13389.36,10952.27,12959.40,10686.67,15719.13,10520.69,22258.42,14623.63,10559.37,11382.40,11966.63,9857.76,14865.11,10881.85,9130.38,9046.39,654458.95
"7400  PROFESSIONAL FEES","","","","","","","","","","","","","","","","","","","","","","","","","","","","","","","","","","","","","","","","","","","","","","","","","","","","","",
"7410  Accounting",0.00,50.00,0.00,2090.00,1200.00,0.00,0.00,4900.00,0.00,0.00,0.00,0.00,0.00,0.00,0.00,0.00,5528.01,0.00,0.00,0.00,3413.83,0.00,2200.96,0.00,0.00,0.00,0.00,200.00,2847.02,0.00,0.00,0.00,3519.68,0.00,0.00,0.00,0.00,0.00,200.00,0.00,2437.45,0.00,0.00,0.00,2876.05,0.00,0.00,0.00,0.00,0.00,0.00,3900.00,0.00,35363.00
"7420  Legal",0.00,0.00,0.00,0.00,1719.48,0.00,0.00,0.00,0.00,0.00,0.00,0.00,0.00,0.00,0.00,0.00,0.00,0.00,0.00,0.00,0.00,0.00,0.00,0.00,0.00,0.00,1836.36,0.00,0.00,0.00,0.00,0.00,0.00,0.00,0.00,0.00,0.00,0.00,0.00,0.00,0.00,0.00,0.00,0.00,0.00,0.00,0.00,0.00,0.00,0.00,12028.04,9014.03,0.00,24597.91
"7430  Payroll Services",108.27,1333.19,119.85,703.48,621.56,723.77,354.42,657.13,543.66,48.22,247.45,145.41,230.40,937.80,227.72,95.16,193.32,349.29,190.40,-138.20,281.16,142.21,152.59,-500.69,202.74,1360.74,552.99,241.04,243.31,389.36,351.39,584.76,449.41,430.25,476.29,400.19,360.25,1131.72,506.15,467.25,595.21,640.91,663.00,725.52,583.50,397.98,533.80,564.77,471.25,1360.50,715.27,772.52,656.97,24596.61
"7450  Other Professional Fees",0.00,118.50,0.00,136.68,250.00,250.00,346.00,250.00,500.00,521.09,3557.65,250.00,0.00,0.00,0.00,0.00,0.00,0.00,0.00,0.00,250.00,-250.00,0.00,0.00,0.00,0.00,0.00,0.00,0.00,0.00,0.00,0.00,0.00,0.00,0.00,0.00,0.00,0.00,0.00,6.25,6.25,6.25,6.25,3.75,403.75,3.75,0.00,0.00,0.00,0.00,0.00,0.00,0.00,6616.17
"7460  IT Services",0.00,0.00,0.00,0.00,0.00,104.81,0.00,0.00,585.86,0.00,0.00,0.00,0.00,0.00,0.00,0.00,0.00,0.00,102.13,0.00,0.00,0.00,0.00,0.00,0.00,0.00,0.00,0.00,0.00,0.00,0.00,0.00,0.00,0.00,0.00,0.00,0.00,0.00,0.00,53.74,0.00,281.88,273.00,0.00,0.00,161.23,0.00,0.00,0.00,0.00,0.00,0.00,0.00,1562.65
"7470  Allocated Professional Fees",1370.84,1387.73,1067.19,1067.19,1067.19,1067.19,1067.19,1067.19,1067.19,1067.19,1067.19,1067.19,1789.18,1698.77,2498.08,0.00,4697.34,158.47,-1.63,0.00,2.69,616.66,24.27,25.67,34.26,1003.88,26.57,101.16,152.63,20.85,47.35,20.37,26.44,3697.87,1730.69,339.17,921.18,261.18,20.41,104.66,29.04,2177.34,449.85,1668.14,664.57,402.31,3218.27,36.19,45.77,45.49,55.06,49.89,95.42,42385.98
"7480  CRC",0.00,0.00,0.00,0.00,0.00,0.00,0.00,0.00,0.00,0.00,0.00,0.00,0.00,350.00,1350.00,1875.00,1490.00,1910.00,1420.00,1525.00,1490.00,1315.00,1175.00,1385.00,1455.00,1205.00,1170.00,1170.00,1310.00,1695.00,2815.00,5315.00,0.00,1310.00,1765.00,1345.00,508.00,412.00,664.00,964.00,1504.00,2768.00,2976.00,1736.00,708.00,492.00,396.00,508.00,360.00,308.00,588.00,1144.00,1144.00,53020.00
"Total 7400  PROFESSIONAL FEES",1479.11,2889.42,1187.04,3997.35,4858.23,2145.77,1767.61,6874.32,2696.71,1636.50,4872.29,1462.60,2019.58,2986.57,4075.80,1970.16,11908.67,2417.76,1710.90,1386.80,5437.68,1823.87,3552.82,909.98,1692.00,3569.62,3585.92,1712.20,4552.96,2105.21,3213.74,5920.13,3995.53,5438.12,3971.98,2084.36,1789.43,1804.90,1390.56,1595.90,4571.95,5874.38,4368.10,4133.41,5235.87,1457.27,4148.07,1108.96,877.02,1713.99,13386.37,14880.44,1896.39,188142.32
"7500  VEHICLE COSTS - NON MOVING","","","","","","","","","","","","","","","","","","","","","","","","","","","","","","","","","","","","","","","","","","","","","","","","","","","","","",
"7540  Repairs & Maintenance",1647.16,936.34,2010.60,6641.39,2337.67,1227.80,1530.22,8873.35,1207.39,1212.37,1473.24,752.08,239.80,216.99,427.93,268.09,333.72,277.09,264.24,761.79,11.00,0.00,342.35,1174.34,917.93,574.96,395.30,854.31,1582.38,488.30,89.50,545.89,77.76,2516.80,122.93,1989.44,177.21,301.96,3031.74,334.00,1679.26,2495.86,776.03,1290.93,754.05,922.83,84.00,153.02,331.24,0.00,0.00,16.07,0.00,56670.65
"7550  License, Registration & Insur.",0.00,348.86,81.00,222.00,0.00,0.00,0.00,15.00,0.00,0.00,0.00,0.00,0.00,315.50,0.00,588.00,0.00,0.00,0.00,0.00,0.00,0.00,0.00,149.00,0.00,0.00,0.00,0.00,0.00,1905.08,0.00,0.00,0.00,0.00,0.00,149.00,51.00,0.00,0.00,0.00,148.33,0.00,199.70,0.00,0.00,0.00,0.00,35.15,9076.48,73.17,0.00,0.00,4978.98,18336.25
"7560  Fuel",0.00,0.00,0.00,0.00,0.00,0.00,0.00,0.00,0.00,0.00,0.00,0.00,734.69,433.49,413.53,438.84,850.56,643.83,469.38,663.47,624.89,508.40,586.15,229.67,339.76,309.21,232.88,437.15,0.00,0.00,0.00,0.00,0.00,0.00,0.00,0.00,614.86,712.34,614.51,849.90,969.73,1153.95,952.41,14982.11,1338.45,1133.00,1339.85,987.05,834.33,1179.75,1001.11,670.19,737.17,37986.61
"7565  Toll and Fees",0.00,0.00,0.00,0.00,0.00,0.00,0.00,0.00,0.00,0.00,0.00,0.00,0.00,0.00,0.00,0.00,0.00,0.00,0.00,0.00,0.00,0.00,0.00,0.00,0.00,0.00,0.00,0.00,0.00,0.00,0.00,0.00,0.00,0.00,0.00,0.00,75.00,0.00,64.65,310.00,0.00,19.88,0.00,19.88,83.48,0.00,0.00,0.00,11.15,60.35,0.00,0.00,8.00,652.39
"7572  Mobile Tech Service & Software",0.00,0.00,0.00,0.00,0.00,0.00,0.00,0.00,0.00,0.00,0.00,0.00,0.00,0.00,0.00,0.00,0.00,0.00,0.00,0.00,0.00,0.00,0.00,0.00,0.00,0.00,0.00,0.00,0.00,0.00,0.00,0.00,0.00,0.00,0.00,0.00,0.00,0.00,0.00,0.00,0.00,0.00,0.00,0.00,0.00,0.00,0.00,0.00,0.00,35.15,35.15,0.00,35.15,105.45
"7500  VEHICLE COSTS - NON MOVING - Other",0.00,0.00,0.00,0.00,0.00,0.00,0.00,0.00,0.00,0.00,0.00,0.00,0.00,0.00,0.00,0.00,0.00,0.00,0.00,0.00,0.00,0.00,0.00,0.00,0.00,0.00,0.00,0.00,0.00,0.00,0.00,0.00,0.00,0.00,0.00,0.00,0.00,0.00,0.00,25.50,0.00,5.56,0.00,0.00,0.00,0.00,0.00,0.00,0.00,0.00,0.00,0.00,0.00,31.06
"Total 7500  VEHICLE COSTS - NON MOVING",1647.16,1285.20,2091.60,6863.39,2337.67,1227.80,1530.22,8888.35,1207.39,1212.37,1473.24,752.08,974.49,965.98,841.46,1294.93,1184.28,920.92,733.62,1425.26,635.89,508.40,928.50,1553.01,1257.69,884.17,628.18,1291.46,1582.38,2393.38,89.50,545.89,77.76,2516.80,122.93,2138.44,918.07,1014.30,3710.90,1519.40,2797.32,3675.25,1928.14,16292.92,2175.98,2055.83,1423.85,1175.22,10253.20,1348.42,1036.26,686.26,5759.30,113782.41
"7600  OFFICE & OTHER","","","","","","","","","","","","","","","","","","","","","","","","","","","","","","","","","","","","","","","","","","","","","","","","","","","","","",
"Amort of Other Intangible Asse",0.00,0.00,0.00,0.00,0.00,0.00,0.00,0.00,0.00,0.00,0.00,0.00,0.00,0.00,0.00,0.00,0.00,0.00,0.00,0.00,0.00,0.00,0.00,1000.00,83.33,83.33,83.33,83.33,83.33,83.33,83.33,83.33,83.33,83.33,83.33,83.37,0.00,0.00,0.00,0.00,0.00,0.00,0.00,0.00,0.00,0.00,0.00,0.00,0.00,0.00,0.00,0.00,0.00,2000.00
"7605  Office Equip Non-Capitalized",0.00,0.00,0.00,0.00,0.00,0.00,0.00,0.00,0.00,0.00,0.00,0.00,0.00,0.00,0.00,0.00,0.00,0.00,0.00,0.00,0.00,0.00,0.00,0.00,0.00,0.00,0.00,0.00,0.00,0.00,0.00,0.00,0.00,0.00,0.00,0.00,0.00,1687.47,0.00,0.00,0.00,0.00,0.00,0.00,0.00,0.00,0.00,0.00,0.00,299.79,0.00,0.00,0.00,1987.26
"7610  Repairs & Maint-Equip",0.00,0.00,0.00,0.00,0.00,275.00,0.00,0.00,0.00,0.00,0.00,0.00,0.00,0.00,0.00,0.00,6.35,0.00,0.00,0.00,0.00,0.00,0.00,0.00,0.00,0.00,0.00,0.00,0.00,0.00,0.00,0.00,0.00,0.00,0.00,0.00,0.00,0.00,0.00,0.00,0.00,0.00,0.00,0.00,0.00,126.85,0.00,0.00,0.00,0.00,0.00,0.00,0.00,408.20
"7630  Office Equipment Lease",0.00,0.00,0.00,0.00,0.00,0.00,0.00,0.00,0.00,0.00,0.00,0.00,0.00,0.00,0.00,0.00,0.00,0.00,0.00,164.46,0.00,305.59,0.00,50.56,123.25,72.37,77.87,132.62,0.00,61.37,198.11,0.00,66.87,222.56,66.87,0.00,120.43,133.74,0.00,129.98,66.87,0.00,66.88,77.52,0.00,70.64,66.87,10.60,71.08,0.00,0.00,74.02,0.00,2431.13
"7640  Office Supplies","","","","","","","","","","","","","","","","","","","","","","","","","","","","","","","","","","","","","","","","","","","","","","","","","","","","","",
"7640.1  COVID office supplies",0.00,0.00,0.00,0.00,0.00,0.00,0.00,0.00,0.00,0.00,0.00,0.00,0.00,0.00,0.00,0.00,0.00,0.00,0.00,0.00,0.00,0.00,0.00,0.00,0.00,0.00,0.00,0.00,0.00,0.00,0.00,0.00,0.00,0.00,0.00,0.00,0.00,0.00,0.00,0.00,0.00,0.00,0.00,0.00,0.00,0.00,0.00,0.00,0.00,0.00,569.21,545.82,47.19,1162.22
"7640  Office Supplies - Other",2403.43,1210.93,2273.50,1211.22,2973.55,2389.27,1271.86,2262.91,1004.75,1085.00,737.59,633.80,1252.17,433.04,1488.57,354.10,979.94,788.52,269.91,2256.03,866.21,120.85,799.80,695.39,31.97,718.08,1071.52,704.27,1504.39,441.17,1973.04,176.20,83.48,302.35,298.68,158.04,921.14,520.84,1094.44,326.64,743.15,2390.02,847.78,166.10,717.22,420.65,388.60,1063.37,947.31,614.17,1195.05,589.97,618.83,50790.81
"Total 7640  Office Supplies",2403.43,1210.93,2273.50,1211.22,2973.55,2389.27,1271.86,2262.91,1004.75,1085.00,737.59,633.80,1252.17,433.04,1488.57,354.10,979.94,788.52,269.91,2256.03,866.21,120.85,799.80,695.39,31.97,718.08,1071.52,704.27,1504.39,441.17,1973.04,176.20,83.48,302.35,298.68,158.04,921.14,520.84,1094.44,326.64,743.15,2390.02,847.78,166.10,717.22,420.65,388.60,1063.37,947.31,614.17,1764.26,1135.79,666.02,51953.03
"7641  Mobile Technology",0.00,0.00,0.00,0.00,0.00,0.00,0.00,0.00,0.00,0.00,0.00,0.00,0.00,0.00,0.00,0.00,0.00,105.00,105.00,0.00,105.00,210.00,105.00,105.00,105.00,60.00,60.00,60.00,60.00,60.00,60.00,60.00,0.00,0.00,120.00,60.00,60.00,60.00,60.00,60.00,60.00,60.00,60.00,60.00,60.00,60.00,60.00,60.00,0.00,120.00,60.00,60.00,60.00,2460.00
"7645  Postage & Delivery Expense",248.93,24.00,178.32,150.27,153.91,128.50,100.96,89.32,94.66,119.60,209.05,154.00,451.21,130.28,29.04,10.58,25.58,103.29,20.60,0.00,33.96,6.50,13.64,66.95,27.70,0.00,0.00,63.32,0.00,100.66,0.00,35.00,0.00,24.90,28.16,0.00,89.80,78.35,70.58,21.19,13.67,10.85,0.00,0.00,2.79,8.87,131.40,39.07,0.00,0.00,26.87,142.01,34.85,3493.19
"7646  Dues and Subscriptions",25.00,25.00,14.00,25.00,5.00,45.00,50.00,25.00,25.00,5.00,45.00,25.00,25.00,25.00,13.00,45.00,25.00,25.00,25.00,654.07,812.82,653.47,572.97,45.00,592.97,29.99,608.47,592.97,572.97,607.97,607.97,592.97,592.97,572.97,658.66,582.97,592.97,592.97,620.97,577.96,602.97,827.97,592.97,602.97,592.97,592.97,635.97,598.97,598.96,592.97,604.97,618.70,616.61,20314.02
"7650  Building Supplies",0.00,0.00,0.00,0.00,0.00,0.00,0.00,0.00,0.00,0.00,0.00,0.00,0.00,0.00,0.00,0.00,0.00,0.00,0.00,0.00,0.00,0.00,0.00,0.00,0.00,0.00,0.00,0.00,0.00,0.00,0.00,0.00,0.00,0.00,0.00,0.00,0.00,0.00,0.00,0.00,5.12,0.00,0.00,0.00,168.75,0.00,0.00,0.00,0.00,0.00,0.00,0.00,0.00,173.87
"7660  Insurance-Other",517.58,0.00,517.58,517.58,517.58,122.43,1017.58,1535.16,12055.71,258.62,0.00,1051.17,1051.17,1051.17,1051.17,1051.17,1051.17,1051.17,1051.17,2950.20,8915.04,2240.31,971.85,3278.26,3278.26,3278.26,2306.41,5584.67,3278.26,971.85,971.85,16623.00,0.00,971.85,1994.43,971.85,971.85,1886.15,971.85,971.85,971.85,971.85,971.85,21597.55,971.85,0.00,971.85,971.85,971.85,971.85,971.85,971.85,971.85,121145.13
"7670  Business Licenses & Permits",0.00,0.00,0.00,0.00,0.00,0.00,0.00,0.00,0.00,0.00,0.00,0.00,0.00,0.00,0.00,0.00,0.00,0.00,0.00,0.00,0.00,0.00,0.00,0.00,0.00,0.00,0.00,404.00,0.00,0.00,0.00,0.00,0.00,0.00,0.00,0.00,0.00,0.00,0.00,0.00,0.00,0.00,0.00,0.00,0.00,0.00,0.00,0.00,0.00,0.00,0.00,604.00,0.00,1008.00
"7680  Cellular Phones",436.01,192.48,490.46,1279.40,62.79,60.52,53.62,57.09,267.48,196.85,198.03,196.86,41.98,196.92,353.30,199.10,195.03,189.69,182.75,146.04,148.23,33.20,189.73,325.21,177.05,191.78,133.96,47.04,58.80,47.04,47.04,58.80,47.04,47.04,58.80,47.04,58.80,47.04,47.04,47.04,58.80,47.04,47.04,58.80,47.04,58.80,47.04,47.04,58.80,47.04,47.04,58.80,47.04,7524.44
"7690  Taxes-Other",0.00,0.00,525.00,0.00,0.00,0.00,0.00,0.00,0.00,0.00,0.00,0.00,0.00,0.00,0.00,0.00,0.00,0.00,0.00,0.00,0.00,0.00,0.00,0.00,0.00,0.00,0.00,0.00,0.00,0.00,0.00,0.00,0.00,0.00,0.00,0.00,0.00,0.00,0.00,0.00,202.00,0.00,0.00,0.00,0.00,0.00,0.00,0.00,0.00,0.00,0.00,0.00,0.00,727.00
"7695  Allocated Office Costs",439.30,117.33,138.53,138.53,138.53,138.53,138.53,138.53,138.53,138.53,138.53,138.53,2173.26,813.44,806.45,0.00,185.38,362.71,1975.13,0.00,1423.22,1430.52,1414.08,-913.04,892.82,870.91,1818.60,1399.90,1459.27,493.99,446.56,540.45,820.72,307.71,2883.12,761.71,1193.36,2245.72,1779.02,776.93,1588.14,1201.54,971.66,709.68,2602.04,807.27,2838.40,1432.97,694.22,3585.88,553.91,1230.57,1868.89,50389.04
"7700  Travel",2457.14,6877.83,623.47,794.30,2439.73,0.00,3671.26,2360.01,2151.60,1574.35,-1200.73,2780.76,1142.00,0.00,2776.64,1459.95,6017.56,0.00,3476.31,0.00,0.00,0.00,0.00,1009.60,0.00,357.60,0.00,0.00,0.00,212.77,0.00,2123.54,6850.18,2864.82,265.84,1186.28,70.00,1348.22,2578.45,5798.63,2996.92,3496.22,0.00,4153.72,860.24,1552.59,799.48,1320.00,0.00,73.82,2320.72,0.00,2108.36,83750.18
"7702  Meals",0.00,41.87,0.00,35.61,0.00,26.85,0.00,0.00,112.38,200.00,258.34,207.93,99.21,151.04,0.00,81.17,0.00,0.00,89.50,0.00,0.00,0.00,143.47,0.00,7.58,182.66,0.00,0.00,0.00,0.00,0.00,0.00,0.00,0.00,0.00,0.00,0.00,95.66,0.00,0.00,0.00,10.73,0.00,0.00,257.62,25.00,55.22,97.56,90.04,315.20,0.00,18.97,142.79,2746.40
"7706  Per Diem",0.00,0.00,0.00,0.00,0.00,0.00,0.00,0.00,0.00,0.00,0.00,0.00,0.00,0.00,0.00,0.00,0.00,0.00,0.00,0.00,0.00,0.00,0.00,0.00,0.00,0.00,0.00,0.00,0.00,0.00,0.00,0.00,0.00,0.00,0.00,0.00,0.00,0.00,0.00,0.00,0.00,0.00,0.00,0.00,0.00,0.00,0.00,0.00,0.00,0.00,100.00,0.00,0.00,100.00
"7720  Depreciation-Equip & Software",346.67,346.67,346.67,346.67,346.67,346.67,346.67,346.67,341.62,205.55,205.55,205.63,205.58,205.58,205.58,205.58,205.58,205.58,205.58,205.58,205.58,205.58,205.58,27.55,156.14,263.41,0.00,107.30,107.30,107.30,40.21,36.18,36.18,36.18,36.18,36.18,36.18,36.18,36.18,36.18,36.18,36.16,21.88,21.88,21.88,21.88,21.88,21.92,18.96,18.96,18.96,18.96,18.96,7426.38
"7730  Depreciation-Furniture & Fixt",37.91,37.91,37.91,37.91,37.91,37.91,37.91,37.91,37.91,37.91,37.91,37.96,37.91,37.91,37.91,37.91,37.91,37.91,37.91,37.91,37.91,37.91,37.91,37.96,37.91,75.82,0.00,37.91,37.91,37.91,37.91,37.91,37.91,37.91,37.91,37.96,37.91,37.91,37.91,37.91,37.91,37.91,37.91,37.91,37.91,37.91,37.91,37.96,3.63,3.63,3.63,3.63,3.63,1838.03
"7750  Amortization of Franchise Fees",75.00,75.00,75.00,75.00,75.00,75.00,75.00,0.00,0.00,0.00,0.00,0.00,0.00,0.00,0.00,0.00,0.00,0.00,0.00,0.00,0.00,0.00,0.00,0.00,0.00,0.00,0.00,0.00,0.00,0.00,0.00,0.00,0.00,0.00,0.00,0.00,0.00,0.00,0.00,0.00,0.00,0.00,0.00,0.00,0.00,0.00,0.00,0.00,0.00,0.00,0.00,0.00,0.00,525.00
"7770  Authorities Fees",0.00,0.00,0.00,0.00,0.00,0.00,0.00,0.00,0.00,0.00,0.00,4913.80,0.00,704.82,0.00,0.00,156.89,0.00,0.00,1099.08,1161.76,600.00,0.00,0.00,0.00,1664.92,0.00,0.00,548.36,0.00,0.00,1140.91,0.00,0.00,986.77,0.00,0.00,812.20,0.00,0.00,684.21,0.00,0.00,1136.72,0.00,0.00,0.00,1056.35,0.00,0.00,0.00,916.70,0.00,17583.49
"7780  Amort of Other Intangible Asset",0.00,0.00,0.00,0.00,0.00,0.00,0.00,0.00,0.00,0.00,0.00,0.00,0.00,0.00,0.00,0.00,0.00,0.00,0.00,0.00,0.00,0.00,0.00,0.00,0.00,0.00,0.00,0.00,0.00,0.00,0.00,0.00,0.00,0.00,0.00,3094.65,0.00,0.00,0.00,0.00,0.00,0.00,0.00,0.00,0.00,0.00,0.00,0.00,0.00,0.00,0.00,0.00,0.00,3094.65
"7790  Uniforms","","","","","","","","","","","","","","","","","","","","","","","","","","","","","","","","","","","","","","","","","","","","","","","","","","","","","",
"7790.1  Gross Uniform Cost",0.00,0.00,0.00,0.00,0.00,0.00,0.00,0.00,0.00,0.00,0.00,0.00,0.00,0.00,0.00,0.00,0.00,0.00,0.00,0.00,0.00,0.00,-22.16,0.00,0.00,0.00,0.00,0.00,0.00,0.00,0.00,0.00,0.00,0.00,0.00,0.00,0.00,0.00,0.00,0.00,0.00,0.00,0.00,0.00,0.00,0.00,0.00,0.00,189.88,0.00,1010.38,0.00,63.31,1241.41
"7790  Uniforms - Other",0.00,0.00,0.00,0.00,0.00,0.00,0.00,0.00,0.00,0.00,0.00,0.00,0.00,0.00,0.00,106.24,760.72,0.00,0.00,721.23,46.42,458.41,379.55,162.34,189.08,172.12,0.00,1004.84,0.00,452.01,0.00,0.00,0.00,199.68,280.62,0.00,0.00,1629.48,0.00,461.55,0.00,0.00,0.00,0.00,0.00,0.00,0.00,0.00,0.00,0.00,0.00,0.00,54.74,7079.03
"Total 7790  Uniforms",0.00,0.00,0.00,0.00,0.00,0.00,0.00,0.00,0.00,0.00,0.00,0.00,0.00,0.00,0.00,106.24,760.72,0.00,0.00,721.23,46.42,458.41,357.39,162.34,189.08,172.12,0.00,1004.84,0.00,452.01,0.00,0.00,0.00,199.68,280.62,0.00,0.00,1629.48,0.00,461.55,0.00,0.00,0.00,0.00,0.00,0.00,0.00,0.00,189.88,0.00,1010.38,0.00,118.05,8320.44
"7600  OFFICE & OTHER - Other",0.00,0.00,0.00,0.00,0.00,0.00,0.00,0.00,0.00,0.00,0.00,0.00,0.00,0.00,0.00,0.00,0.00,0.00,0.00,0.00,0.00,0.00,0.00,0.00,0.00,0.00,0.00,0.00,0.00,0.00,0.00,0.00,0.00,0.00,0.00,0.00,0.00,0.00,0.00,0.00,0.00,0.00,0.00,0.00,0.00,0.00,0.00,0.00,0.00,0.00,0.00,0.00,0.00,0.00
"Total 7600  OFFICE & OTHER",6986.97,8949.02,5220.44,4611.49,6750.67,3645.68,6763.39,6852.60,16229.64,3821.41,629.27,10345.44,6479.49,3749.20,6761.66,3550.80,9647.11,2868.87,7438.86,8234.60,13756.15,6302.34,4811.42,5890.78,5703.06,8021.25,6160.16,10222.17,7710.59,3677.37,4466.02,21508.29,8618.68,5671.30,7799.37,7020.05,4152.44,11211.93,7296.44,9245.86,8067.79,9090.29,3617.97,28622.85,6340.31,3783.43,6054.62,6757.66,3644.73,6643.31,7482.59,5854.00,6657.05,391398.88
"7800  FRANCHISE OPERATING COST","","","","","","","","","","","","","","","","","","","","","","","","","","","","","","","","","","","","","","","","","","","","","","","","","","","","","",
"7810  Royalty Fees",0.00,10076.46,8716.30,12660.25,14594.84,21421.78,29676.38,26410.96,26056.45,18750.61,17522.67,28459.60,0.00,10298.24,10835.03,15354.45,14351.33,21681.42,28920.17,25409.57,21771.96,14906.54,14012.52,27373.65,0.00,10551.85,9642.48,15321.12,18294.27,22204.38,28588.68,25480.32,26196.84,15347.20,19025.47,31029.86,0.00,10888.65,14011.98,17410.75,19151.26,23646.37,33032.31,28701.56,29737.01,17942.55,19475.46,33728.22,17297.97,11207.33,13392.93,18928.94,14138.83,963635.77
"7820  Advertising Fees",0.00,1679.41,1452.72,2110.04,2438.58,3570.30,4946.06,4401.83,4342.74,3125.10,2920.44,4743.27,0.00,1716.37,1805.84,2559.08,2391.89,3613.57,4820.03,4234.93,3628.66,2484.42,2335.42,4561.92,0.36,1758.64,1607.08,2553.52,3049.04,3700.73,4764.78,4246.72,4366.14,2557.87,3170.91,5171.65,0.00,1814.78,2335.33,2901.79,3191.88,3941.06,5505.38,4783.59,4956.17,2990.42,3245.91,5621.37,2883.00,1867.89,2232.16,3154.82,2356.47,160612.08
"7830  Technology Fees",0.00,1679.41,1452.72,2110.04,2432.47,3570.30,4946.06,4401.83,4342.74,3125.10,2920.44,4743.27,0.00,1716.37,1805.84,2559.08,2391.89,3613.57,4820.03,4234.93,3628.66,2484.42,2335.42,4561.92,0.36,1758.64,1607.08,2553.52,3049.04,3700.73,4764.78,4246.72,4366.14,2557.87,3170.91,5171.65,0.00,1814.78,2335.33,2901.79,3191.88,3941.06,5505.38,4783.59,4956.17,2990.42,3245.91,5621.37,2883.00,1867.89,2232.16,2554.82,1756.47,159405.97
"Total 7800  FRANCHISE OPERATING COST",0.00,13435.28,11621.74,16880.33,19465.89,28562.38,39568.50,35214.62,34741.93,25000.81,23363.55,37946.14,0.00,13730.98,14446.71,20472.61,19135.11,28908.56,38560.23,33879.43,29029.28,19875.38,18683.36,36497.49,0.72,14069.13,12856.64,20428.16,24392.35,29605.84,38118.24,33973.76,34929.12,20462.94,25367.29,41373.16,0.00,14518.21,18682.64,23214.33,25535.02,31528.49,44043.07,38268.74,39649.35,23923.39,25967.28,44970.96,23063.97,14943.11,17857.25,24638.58,18251.77,1283653.82
"7900  FINANCE COST","","","","","","","","","","","","","","","","","","","","","","","","","","","","","","","","","","","","","","","","","","","","","","","","","","","","","",
"7910  Interest-Other",0.00,-1567.66,158.73,0.00,0.00,0.00,0.00,0.00,30.00,13114.22,0.00,10926.12,-1068.60,0.00,0.00,105.00,1914.93,-1025.31,373.19,443.56,363.92,4282.20,10487.06,576.82,-3210.45,279.24,359.72,393.69,443.95,-7781.14,4881.69,349.87,528.40,1649.52,703.55,2860.26,349.87,349.87,562.49,-8451.12,359.87,488.43,341.02,-294.02,10830.54,1324.11,563.01,2607.24,349.87,349.87,425.06,0.00,0.00,50728.59
"7915  Interest-Line of Credit",1439.02,749.01,684.73,359.15,403.07,347.35,342.40,318.24,282.45,291.76,254.98,2997.85,266.76,417.90,689.34,746.33,814.03,748.90,799.87,801.85,711.66,628.93,513.96,430.40,545.11,700.61,883.21,994.81,962.09,777.03,796.51,623.54,550.06,535.50,517.48,541.01,552.74,514.58,569.48,538.77,555.14,551.68,537.26,411.61,340.97,259.50,205.63,207.75,0.00,0.00,0.00,0.00,0.00,29712.01
"7920  Bad Debt Expense",-6.44,56.72,0.06,8.09,5.20,11.12,11.09,0.16,13.95,12.77,24.79,42414.87,0.17,11.60,-3000.28,1038.70,0.89,13.43,929.64,3.49,0.11,15.40,76.12,52.74,102.61,22.79,1.12,2.25,20.60,374.20,31.24,8.87,2.20,149.20,0.81,2.33,1188.36,933.59,0.42,544.56,0.37,76.65,11.73,1.06,6.17,0.25,92.12,0.26,250.47,941.23,0.61,0.20,0.27,46460.93
"7930  Credit Card Processing Fees",4759.78,3060.71,3061.28,3657.43,4050.05,6772.55,9974.40,8346.43,8316.19,5329.49,5073.81,4627.59,4494.96,3517.18,3254.51,4475.42,4359.64,6659.03,9126.90,8472.66,7359.57,3894.33,4162.12,3581.57,4428.34,3587.07,2951.12,4905.95,5110.88,6990.28,8522.49,8765.11,8367.32,4901.60,5510.60,4937.50,4228.75,3740.19,4697.91,4996.16,6217.86,7925.56,11707.62,10335.01,9568.97,6250.17,6050.25,4899.19,6189.46,3887.29,3697.23,5622.40,4645.30,304025.18
"7940  Bank Fees",506.85,0.00,82.48,347.40,7.50,29.50,10.00,22.00,84.00,45.00,7.00,22.00,10.00,223.11,11.25,202.00,228.85,10.13,10.00,12.00,36.00,271.99,0.00,0.13,235.65,19.50,47.00,24.00,7.50,7.50,0.00,0.00,214.97,0.00,0.00,0.00,0.00,0.00,0.00,0.00,0.00,0.00,216.26,12.00,0.00,0.00,12.00,0.00,0.00,0.00,-81.82,0.00,212.15,3105.90
"7950  Over/Underpayment Adjustment",0.00,0.00,583.51,0.00,0.00,0.00,0.00,0.00,-0.51,-8.60,-0.04,-1.11,-0.15,-10.29,2.08,-0.06,-1.31,-1.94,-0.87,-28.45,-0.18,8.80,-3.89,2815.58,-0.19,-21.65,-0.62,-1.03,0.12,95.97,1200.18,-1.59,-0.82,-0.71,-5.18,-28.18,-0.94,-0.81,-0.50,16.77,-6491.95,-1.34,-0.75,-111.52,-0.83,-1.01,-0.02,1617.55,-0.51,103.92,98.55,-2572.54,-372.94,-3130.00
"7900  FINANCE COST - Other",0.00,0.00,0.00,0.00,0.00,0.00,0.00,0.00,0.00,0.00,0.00,0.00,0.00,0.00,0.00,0.00,0.00,0.00,0.00,0.00,0.00,0.00,0.00,0.00,0.00,0.00,0.00,0.00,0.00,21.40,100.00,12.00,0.00,7.50,0.00,0.00,69.00,13.45,0.00,0.00,35.00,0.00,0.00,0.00,0.00,0.00,0.00,0.00,0.00,0.00,0.00,0.00,0.00,258.35
"Total 7900  FINANCE COST",6699.21,2298.78,4570.79,4372.07,4465.82,7160.52,10337.89,8686.83,8726.08,18784.64,5360.54,60987.32,3703.14,4159.50,956.90,6567.39,7317.03,6404.24,11238.73,9705.11,8471.08,9101.65,15235.37,7457.24,2101.07,4587.56,4241.55,6319.67,6545.14,485.24,15532.11,9757.80,9662.13,7242.61,6727.26,8312.92,6387.78,5550.87,5829.80,-2354.86,676.29,9040.98,12813.14,10354.14,20745.82,7833.02,6922.99,9331.99,6789.29,5282.31,4139.63,3050.06,4484.78,431160.96
"8000  SUPPORT STAFF","","","","","","","","","","","","","","","","","","","","","","","","","","","","","","","","","","","","","","","","","","","","","","","","","","","","","",
"8110  CSR Wages",2057.14,2060.00,3100.00,2660.00,-1485.00,3300.00,2640.00,3036.00,660.00,3270.00,6765.00,7071.43,4448.57,4440.00,7050.00,5640.00,7165.00,9892.50,9166.84,9702.50,7405.00,6997.50,10800.00,8945.00,4905.00,6350.00,5070.00,1210.00,1689.16,0.00,120.00,1715.00,2580.00,2760.00,3420.00,3805.71,2674.29,2820.00,4007.50,3085.00,2860.00,2420.00,2530.00,3475.00,2820.00,3360.00,2400.00,2460.00,3000.00,2460.00,2520.00,3000.00,2475.00,208779.14
"8120  CSR Wages - Commiss/Bonus",2887.66,0.00,0.00,0.00,0.00,0.00,0.00,0.00,0.00,0.00,0.00,0.00,0.00,0.00,0.00,0.00,0.00,0.00,0.00,0.00,0.00,0.00,0.00,0.00,0.00,0.00,0.00,0.00,0.00,0.00,0.00,0.00,0.00,0.00,0.00,0.00,0.00,378.00,621.00,0.00,0.00,0.00,0.00,0.00,0.00,0.00,0.00,250.00,0.00,0.00,0.00,0.00,0.00,4136.66
"8130  CSR Wages - OT",0.00,0.00,0.00,0.00,382.51,1324.14,909.56,1218.95,0.00,0.00,0.00,0.00,0.00,0.00,0.00,0.00,0.00,0.00,0.00,0.00,0.00,0.00,0.00,0.00,0.00,0.00,0.00,0.00,0.00,0.00,0.00,0.00,0.00,0.00,0.00,0.00,0.00,0.00,0.00,0.00,0.00,0.00,0.00,0.00,0.00,0.00,0.00,0.00,0.00,0.00,0.00,0.00,0.00,3835.16
"8210  Manager Wages",8591.88,6961.52,8701.90,6961.52,6961.52,8701.90,6961.52,7971.16,7000.00,7000.00,8750.00,8500.00,5500.00,7000.00,8750.00,7000.00,7000.00,8750.00,6230.00,4845.24,6979.32,7152.32,8940.40,8383.08,5655.00,7580.00,11090.40,10810.80,13513.50,10810.80,10810.80,13513.50,7230.80,7230.80,9038.50,9296.74,6972.56,8746.20,7430.80,7430.80,9511.90,7430.80,7430.80,9496.20,7846.20,15129.26,11538.52,11538.52,14423.15,11711.62,15230.88,16269.36,13288.58,477601.07
"8220  Manager Wages - Commiss/Bonus",409.75,0.00,454.40,100.00,0.00,427.70,350.00,0.00,620.10,1701.94,228.90,685.50,0.00,150.00,675.50,369.20,150.00,206.50,0.00,0.00,0.00,169.50,200.00,200.00,30.00,355.10,250.00,200.00,0.00,774.10,200.00,100.00,300.00,214.75,665.40,648.00,250.00,250.00,756.20,286.30,0.00,232.45,255.40,0.00,0.00,480.60,0.00,288.60,932.85,603.70,0.00,709.85,400.00,16282.29
"8310  Office Staff Wages",1328.57,0.00,0.00,0.00,0.00,0.00,0.00,0.00,0.00,0.00,0.00,0.00,0.00,0.00,0.00,0.00,0.00,0.00,0.00,0.00,0.00,0.00,0.00,0.00,0.00,0.00,0.00,0.00,0.00,0.00,0.00,0.00,0.00,0.00,0.00,0.00,0.00,0.00,0.00,0.00,0.00,0.00,0.00,0.00,0.00,0.00,0.00,0.00,0.00,0.00,0.00,0.00,0.00,1328.57
"8410  Sales Staff Wages",0.00,0.00,0.00,0.00,0.00,0.00,0.00,0.00,0.00,0.00,0.00,0.00,0.00,0.00,0.00,0.00,20559.35,0.00,0.00,0.00,0.00,0.00,0.00,0.00,0.00,0.00,0.00,0.00,0.00,0.00,0.00,0.00,0.00,0.00,0.00,0.00,0.00,0.00,0.00,0.00,0.00,0.00,0.00,0.00,0.00,0.00,0.00,0.00,0.00,0.00,0.00,0.00,0.00,20559.35
"8510  IHC Wages",1300.00,0.00,0.00,625.00,2500.00,4610.00,4700.00,3452.50,2090.00,2200.00,2750.00,3029.73,1480.27,2200.00,2530.00,2200.00,2255.00,2640.00,2200.00,1100.00,0.00,0.00,0.00,0.00,0.00,4228.86,7048.10,5738.48,7173.10,5738.48,7934.48,7173.10,5738.48,5793.48,7063.10,7496.14,5305.44,5793.48,5793.48,5848.48,7173.10,5763.48,5838.48,7355.60,5550.98,7528.10,5953.48,5838.48,7298.10,5953.48,5838.48,7298.10,5838.48,220957.52
"8520  IHC Wages - Commiss/Bonus",0.00,0.00,0.00,0.00,0.00,1708.92,1819.64,1796.29,1098.18,1754.20,1829.80,1453.76,660.84,1011.90,1573.62,1013.56,1289.48,2065.01,2231.64,811.84,0.00,0.00,0.00,0.00,0.00,743.57,1046.12,1725.51,1767.57,1842.45,3503.00,3412.19,2625.48,2846.58,2268.86,1533.72,2184.18,1829.79,1739.94,4874.37,2240.41,3465.24,3645.76,3354.79,1587.74,2740.03,1928.44,1643.74,2552.14,1216.78,1743.24,2129.47,1343.10,85652.89
"8530  IHC Wages - OT",0.00,0.00,0.00,0.00,0.00,0.00,0.00,0.00,0.00,0.00,0.00,0.00,0.00,0.00,0.00,0.00,0.00,0.00,0.00,0.00,0.00,0.00,0.00,0.00,0.00,0.00,0.00,0.00,0.00,0.00,225.00,0.00,0.00,0.00,0.00,0.00,0.00,0.00,0.00,0.00,0.00,0.00,0.00,0.00,0.00,0.00,0.00,0.00,0.00,0.00,0.00,0.00,0.00,225.00
"8610  Allocated Support Staff Expense",40740.18,22286.96,32586.14,25131.45,11446.29,37055.70,29218.18,37701.18,19150.88,30091.36,26491.21,32308.88,18809.53,16463.07,27511.89,0.00,0.00,35103.65,25329.62,0.00,29314.31,18985.11,20433.84,24834.87,23620.23,20649.97,22254.76,20439.09,20876.49,25422.93,20927.59,21062.82,25884.77,18460.91,20867.81,24231.47,23889.25,23116.80,22305.69,23013.04,26045.02,31822.02,38256.77,32239.37,40056.51,25904.33,31772.20,24302.06,25618.46,28099.02,17756.23,27080.22,30279.88,1297250.01
"8800  Benefits",701.92,111.98,602.87,377.15,370.63,334.75,207.29,-218.92,-140.37,101.34,127.86,101.94,90.69,90.69,43.56,90.69,90.69,43.56,137.82,279.21,-583.42,0.00,0.00,752.79,125.38,65.76,22.92,-333.24,-123.57,-40.26,-40.26,-123.57,-40.26,-333.24,-416.55,226.50,-495.96,-439.12,-439.12,-345.07,-392.15,-313.72,-313.72,-423.50,-313.72,-392.15,-313.72,-313.72,-556.55,-478.12,-478.12,-476.33,-316.36,-4096.82
"8801  Healthcare Benefits","","","","","","","","","","","","","","","","","","","","","","","","","","","","","","","","","","","","","","","","","","","","","","","","","","","","","",
"8801.1  Medical Insurance",0.00,0.00,0.00,0.00,0.00,0.00,0.00,0.00,0.00,0.00,0.00,0.00,0.00,0.00,0.00,0.00,0.00,0.00,0.00,0.00,0.00,0.00,0.00,0.00,0.00,0.00,0.00,0.00,0.00,0.00,0.00,0.00,0.00,0.00,0.00,0.00,1014.32,507.16,760.74,760.74,507.16,507.16,507.16,507.16,507.16,507.16,507.16,507.16,820.65,0.00,820.65,1094.20,547.10,10382.84
"8801.2  Vision/Dental/Life Insurance",0.00,0.00,0.00,0.00,0.00,0.00,0.00,0.00,0.00,0.00,0.00,0.00,0.00,0.00,0.00,0.00,0.00,0.00,0.00,0.00,0.00,0.00,0.00,0.00,0.00,0.00,0.00,0.00,0.00,0.00,0.00,0.00,0.00,0.00,0.00,64.68,64.68,64.68,887.80,-25.30,70.98,64.68,64.68,64.68,71.73,70.98,61.10,0.00,286.87,0.00,286.87,160.44,80.22,2339.77
"8801  Healthcare Benefits - Other",0.00,0.00,0.00,0.00,0.00,0.00,0.00,0.00,0.00,0.00,0.00,0.00,0.00,0.00,0.00,0.00,0.00,0.00,0.00,0.00,0.00,0.00,0.00,0.00,0.00,0.00,0.00,0.00,0.00,0.00,0.00,0.00,0.00,0.00,0.00,507.16,0.00,0.00,0.00,0.00,0.00,0.00,0.00,0.00,0.00,0.00,0.00,0.00,0.00,0.00,0.00,0.00,0.00,507.16
"Total 8801  Healthcare Benefits",0.00,0.00,0.00,0.00,0.00,0.00,0.00,0.00,0.00,0.00,0.00,0.00,0.00,0.00,0.00,0.00,0.00,0.00,0.00,0.00,0.00,0.00,0.00,0.00,0.00,0.00,0.00,0.00,0.00,0.00,0.00,0.00,0.00,0.00,0.00,571.84,1079.00,571.84,1648.54,735.44,578.14,571.84,571.84,571.84,578.89,578.14,568.26,507.16,1107.52,0.00,1107.52,1254.64,627.32,13229.77
"8810  Payroll Taxes",785.39,832.25,1093.87,922.68,1118.33,1746.58,1479.32,1457.12,955.18,1367.68,1764.26,1782.83,1069.59,1263.79,1676.44,1297.24,1439.21,1884.79,1514.78,1318.84,1154.36,1123.43,1585.23,1363.82,1188.29,1563.10,1925.40,1505.12,1817.81,1450.18,1738.02,1964.00,1404.85,1434.07,1688.04,1532.61,1620.54,1571.70,1451.35,1596.86,1666.24,1463.62,1486.41,1781.30,1339.76,2185.16,1663.21,1663.33,2297.69,1732.03,1946.29,2251.77,1784.18,80709.94
"8830  Workers Comp Insurance",134.81,25.69,55.29,0.00,-548.39,24.62,43.42,39.72,29.48,19.68,162.30,18.86,69.00,43.46,42.00,40.72,32.06,33.86,44.74,44.74,29.97,16.76,16.76,88.60,0.00,165.54,144.84,144.84,144.84,144.84,144.84,144.84,144.84,144.84,144.84,144.84,144.84,144.84,144.84,144.84,144.84,144.84,144.84,144.84,144.84,144.84,144.84,144.84,144.84,144.84,144.84,144.84,144.84,4584.37
"Total 8000  SUPPORT STAFF",58937.30,32278.40,46594.47,36777.80,20745.89,59234.31,48328.93,56454.00,31463.45,47506.20,48869.33,54952.93,32128.49,32662.91,49853.01,17651.41,39980.79,60619.87,46855.44,18102.37,44299.54,34444.62,41976.23,44568.16,35523.90,41701.90,48852.54,41440.60,46858.90,46143.52,45563.47,48961.88,45868.96,38552.19,44740.00,49487.57,43624.14,44783.53,45460.22,46670.06,49827.50,53000.57,59846.58,57995.44,59611.20,57658.31,55655.23,48323.01,56818.20,51443.35,45809.36,59661.92,55865.02,2431034.92
"8900  OWNERS COMPENSATION","","","","","","","","","","","","","","","","","","","","","","","","","","","","","","","","","","","","","","","","","","","","","","","","","","","","","",
"8950  Benefits",0.00,0.00,635.00,0.00,0.00,0.00,0.00,0.00,0.00,0.00,0.00,0.00,0.00,0.00,635.00,0.00,0.00,0.00,0.00,0.00,0.00,0.00,0.00,0.00,0.00,0.00,635.00,0.00,0.00,0.00,0.00,0.00,0.00,0.00,0.00,0.00,0.00,0.00,635.00,0.00,0.00,0.00,0.00,0.00,0.00,0.00,0.00,0.00,0.00,0.00,635.00,0.00,0.00,3175.00
"8960  Allocated Owners Other Expenses",0.00,0.00,0.00,0.00,0.00,0.00,0.00,0.00,0.00,0.00,0.00,0.00,6666.47,6325.36,8207.31,0.00,6625.50,8932.56,6728.69,0.00,8269.69,5697.37,5862.49,7180.93,6897.95,6326.62,7035.53,6691.85,7032.79,7965.63,6835.31,6846.61,8099.72,6194.43,7056.00,8867.11,7351.94,7854.25,6719.75,6795.99,7170.40,8600.84,7792.52,7234.58,10076.32,6719.55,8674.96,6741.50,7222.49,8316.01,4149.16,5338.84,6207.22,279312.24
"Total 8900  OWNERS COMPENSATION",0.00,0.00,635.00,0.00,0.00,0.00,0.00,0.00,0.00,0.00,0.00,0.00,6666.47,6325.36,8842.31,0.00,6625.50,8932.56,6728.69,0.00,8269.69,5697.37,5862.49,7180.93,6897.95,6326.62,7670.53,6691.85,7032.79,7965.63,6835.31,6846.61,8099.72,6194.43,7056.00,8867.11,7351.94,7854.25,7354.75,6795.99,7170.40,8600.84,7792.52,7234.58,10076.32,6719.55,8674.96,6741.50,7222.49,8316.01,4784.16,5338.84,6207.22,282487.24
"Total Expense",100234.00,73423.42,91551.28,89251.14,79086.52,120898.64,150096.96,148342.90,127459.36,115056.82,108603.44,192896.71,70305.38,76267.93,98391.61,70164.87,113076.45,137865.36,134049.98,107210.59,133224.35,102537.34,110429.91,130154.57,70652.24,95430.59,98809.07,112356.48,119148.69,107012.33,133602.68,156384.71,136719.75,112623.48,122074.70,145975.88,87523.53,103525.29,106601.94,105204.29,114317.64,142402.32,151763.90,194361.35,171098.81,127939.56,129473.51,152391.88,131927.91,109644.45,110648.73,127963.34,111299.33,6269457.91
"Net Ordinary Income",-31556.03,-26236.37,-135.32,-10116.59,141049.34,96611.64,20837.32,23193.74,-9671.13,-13142.52,-35524.57,-139590.09,-33772.11,-30156.77,2732.80,14365.86,58348.30,96807.86,73630.02,52450.76,-41505.03,6150.82,-40725.04,-37832.85,16897.28,-37246.40,33854.35,61603.70,56762.06,139493.52,70557.91,57147.99,-31301.91,40569.79,-13442.70,-48028.49,-40244.61,13851.47,34483.09,56192.19,81668.61,189373.76,113910.09,61169.80,-42271.23,25023.83,17799.25,-2235.87,-75111.67,4154.90,39827.62,-49501.49,44060.38,955231.26
"Other Income/Expense","","","","","","","","","","","","","","","","","","","","","","","","","","","","","","","","","","","","","","","","","","","","","","","","","","","","","",
"Other Income","","","","","","","","","","","","","","","","","","","","","","","","","","","","","","","","","","","","","","","","","","","","","","","","","","","","","",
"9810  Interest Income",0.44,0.03,0.00,0.00,0.00,0.00,0.00,0.00,0.00,0.00,0.00,0.00,0.00,0.00,0.00,0.00,0.00,0.00,0.03,0.04,0.04,0.04,0.04,0.04,0.04,0.00,0.00,0.00,0.00,0.00,0.00,0.00,0.00,0.00,0.00,0.00,0.00,0.00,0.00,0.00,-92.19,0.00,0.00,0.00,0.00,0.00,0.00,0.00,0.00,0.00,0.00,0.00,0.00,-91.45
"9820  Gain/Loss on Sale of Asset",0.00,0.00,0.00,0.00,0.00,0.00,0.00,0.00,0.00,0.00,0.00,0.00,0.00,30000.00,0.00,0.00,0.00,0.00,0.00,0.00,0.00,0.00,0.00,0.00,0.00,0.00,0.00,0.00,0.00,0.00,0.00,0.00,0.00,0.00,0.00,0.00,0.00,0.00,0.00,0.00,0.00,0.00,0.00,0.00,0.00,0.00,0.00,0.00,0.00,0.00,0.00,0.00,0.00,30000.00
"9850  Other Non Operating Income",702.76,485.61,-17586.24,158.90,196.20,10.57,4.09,26.79,0.02,0.02,32.04,16343.97,32.00,0.00,290.45,1000.00,0.00,0.00,0.00,0.00,0.00,-770.00,0.00,0.00,0.00,0.00,0.00,0.00,270.00,0.00,0.00,0.00,0.00,0.00,0.00,0.00,0.00,0.06,0.01,0.00,0.00,0.00,0.00,0.00,0.00,0.00,0.00,0.00,0.00,0.00,0.00,0.00,0.00,1197.25
"Total Other Income",703.20,485.64,-17586.24,158.90,196.20,10.57,4.09,26.79,0.02,0.02,32.04,16343.97,32.00,30000.00,290.45,1000.00,0.00,0.00,0.03,0.04,0.04,-769.96,0.04,0.04,0.04,0.00,0.00,0.00,270.00,0.00,0.00,0.00,0.00,0.00,0.00,0.00,0.00,0.06,0.01,0.00,-92.19,0.00,0.00,0.00,0.00,0.00,0.00,0.00,0.00,0.00,0.00,0.00,0.00,31105.80
"Other Expense","","","","","","","","","","","","","","","","","","","","","","","","","","","","","","","","","","","","","","","","","","","","","","","","","","","","","",
"9990  Corp Income Taxes - Fed",0.00,0.00,0.00,0.00,0.00,0.00,0.00,0.00,0.00,0.00,0.00,0.00,0.00,0.00,690.00,0.00,0.00,0.00,0.00,0.00,690.00,0.00,0.00,0.00,0.00,0.00,0.00,0.00,0.00,0.00,0.00,0.00,0.00,0.00,0.00,0.00,0.00,0.00,0.00,0.00,0.00,0.00,0.00,0.00,0.00,0.00,0.00,0.00,0.00,0.00,0.00,0.00,0.00,1380.00
"Total Other Expense",0.00,0.00,0.00,0.00,0.00,0.00,0.00,0.00,0.00,0.00,0.00,0.00,0.00,0.00,690.00,0.00,0.00,0.00,0.00,0.00,690.00,0.00,0.00,0.00,0.00,0.00,0.00,0.00,0.00,0.00,0.00,0.00,0.00,0.00,0.00,0.00,0.00,0.00,0.00,0.00,0.00,0.00,0.00,0.00,0.00,0.00,0.00,0.00,0.00,0.00,0.00,0.00,0.00,1380.00
"Net Other Income",703.20,485.64,-17586.24,158.90,196.20,10.57,4.09,26.79,0.02,0.02,32.04,16343.97,32.00,30000.00,-399.55,1000.00,0.00,0.00,0.03,0.04,-689.96,-769.96,0.04,0.04,0.04,0.00,0.00,0.00,270.00,0.00,0.00,0.00,0.00,0.00,0.00,0.00,0.00,0.06,0.01,0.00,-92.19,0.00,0.00,0.00,0.00,0.00,0.00,0.00,0.00,0.00,0.00,0.00,0.00,29725.80
"Net Income",-30852.83,-25750.73,-17721.56,-9957.69,141245.54,96622.21,20841.41,23220.53,-9671.11,-13142.50,-35492.53,-123246.12,-33740.11,-156.77,2333.25,15365.86,58348.30,96807.86,73630.05,52450.80,-42194.99,5380.86,-40725.00,-37832.81,16897.32,-37246.40,33854.35,61603.70,57032.06,139493.52,70557.91,57147.99,-31301.91,40569.79,-13442.70,-48028.49,-40244.61,13851.53,34483.10,56192.19,81576.42,189373.76,113910.09,61169.80,-42271.23,25023.83,17799.25,-2235.87,-75111.67,4154.90,39827.62,-49501.49,44060.38,984957.06
